episode,length,time,reward,delta
0,6.0,0.0005296313208873471,0.0,-0.000686442783675879
1,27.0,0.0035991657072145244,0.0,-0.0002843170239753196
2,17.0,0.0009619402419502876,0.0,-0.0007021115747324817
3,51.0,0.0026753081435799686,0.0,-0.0006949466832349407
4,42.0,0.002213026744243507,0.0,7.364875153374355e-05
5,8.0,0.0010257639896735782,0.0,-0.0005661315203378968
6,11.0,0.001111097398165839,0.0,0.00026399832957897033
7,22.0,0.002065280057649943,0.0,-0.00037332383004542806
8,13.0,0.00258785903054104,0.0,-5.4242447235354247e-05
9,31.0,0.0017722550059033892,0.0,-5.66131520337897e-05
10,11.0,0.0006512843207246988,0.0,4.058297165784327e-05
11,11.0,0.0006287168076823946,0.0,7.364875153374349e-06
12,8.0,0.0004982483731055254,0.0,4.0582971657843105e-06
13,77.0,0.005566065512766727,0.0,0.00013215723048698704
14,47.0,0.0061112119989275016,0.0,0.00020652724713521883
15,21.0,0.001199604363364415,0.0,-0.0003063713892898962
16,14.0,0.0008166618769109846,0.0,-5.661315203378981e-06
17,6.0,0.00037271658197823854,0.0,-0.0003776514241751314
18,40.0,0.0020656326748849096,0.0,0.0002372949149379542
19,14.0,0.000805025503041179,0.0,1.917361310450281e-05
20,8.0,0.0004742703905549206,0.0,1.9173613104502972e-06
21,67.0,0.004821690200969897,0.0,-0.0004501489190069324
22,19.0,0.0018212688230505591,0.0,2.065272471352185e-05
23,15.0,0.0020934894488391365,0.0,2.0652724713521634e-06
24,31.0,0.0028801788475902868,0.0,0.00020894422119892002
25,11.0,0.0010938191460354574,0.0,2.0894422119891972e-05
26,15.0,0.0016558912669779602,0.0,0.00026645755942034913
27,18.0,0.0018216214405128994,0.0,1.666560847310601e-05
28,18.0,0.0012662490502179935,0.0,0.00022246996082036507
29,50.0,0.004624929696888103,0.0,1.6665608473105903e-06
30,13.0,0.0007161659206076365,0.0,0.00029548344957356265
31,16.0,0.0009880339288201867,0.0,0.00026710984490444683
32,9.0,0.0005899288946693559,0.0,0.0002092903418279442
33,7.0,0.00041749899060050666,0.0,2.0929034182794388e-05
34,12.0,0.0007747004074190045,0.0,-0.0006996675907141833
35,51.0,0.0028882890475188105,0.0,-7.021115747324818e-05
36,32.0,0.002015561005350719,0.0,0.0002479923302223431
37,69.0,0.005161965983006667,0.0,-6.163903159942235e-06
38,8.0,0.0004978957556431851,0.0,2.479923302223431e-05
39,55.0,0.004025127515205895,0.0,-5.424244723535403e-06
40,35.0,0.0029619860822549526,0.0,0.00033562131480557785
41,9.0,0.000512705686105619,0.0,3.356213148055778e-05
42,19.0,0.0010941717634977977,0.0,-8.259927684845262e-05
43,6.0,0.0006572788163339283,0.0,0.00034058756204972024
44,51.0,0.004818164027028615,0.0,0.0002684009483279089
45,25.0,0.001598062014863899,0.0,-5.424244723535566e-07
46,27.0,0.0026707241174790397,0.0,1.685582178357611e-05
47,22.0,0.0027412475956225535,0.0,0.0002772486783092895
48,24.0,0.001559626719199514,0.0,2.684009483279085e-05
49,43.0,0.0029450604473595376,0.0,-6.996675907141838e-05
50,4.0,0.00027609941696482565,0.0,0.0002670622935417798
51,5.0,0.00033287081680555275,0.0,2.772486783092894e-05
52,28.0,0.002214789831214148,0.0,0.00027335761415930214
53,19.0,0.0011262599459769262,0.0,0.00022289116987982797
54,15.0,0.0008720228072434111,0.0,2.670622935417794e-05
55,8.0,0.0006474055294347636,0.0,0.00022327644885228778
56,22.0,0.001310326224029268,0.0,1.6855821783576274e-06
57,9.0,0.0009372570244750023,0.0,-0.0001878309521628515
58,16.0,0.0016449601278054615,0.0,-0.0001922411278584285
59,14.0,0.0019326959186400927,0.0,2.232764488522876e-05
60,9.0,0.0005557250077572462,0.0,0.00015402675034840863
61,46.0,0.0024806633439311554,0.0,3.405875620497202e-05
62,50.0,0.002768751752000753,0.0,0.00024365565251367445
63,10.0,0.0006357691554512712,0.0,0.0002653323700655101
64,4.0,0.0003078349820953008,0.0,2.6533237006550966e-05
65,44.0,0.00354098383775181,0.0,-0.000366608506007003
66,11.0,0.0006357691554512712,0.0,0.00025315981120502024
67,12.0,0.003307551125089958,0.0,1.5402675034840876e-05
68,16.0,0.0009732239984714397,0.0,0.00017793061450323313
69,48.0,0.00379134218519539,0.0,0.00022388471599302812
70,42.0,0.0022994180050091018,0.0,0.0001444648088539297
71,16.0,0.0010053121809505683,0.0,1.779306145032329e-05
72,37.0,0.00205963817927568,0.0,-0.00027604668784083594
73,15.0,0.0008667335463314885,0.0,0.00026735852597210375
74,30.0,0.0034690498900999955,0.0,2.238847159930277e-05
75,19.0,0.0013138523979705496,0.0,5.492176514718713e-05
76,8.0,0.0005264577644084056,0.0,2.238847159930261e-06
77,46.0,0.0024175448309051717,0.0,0.0001808587605132921
78,17.0,0.0009855656070385521,0.0,0.00022507665286520124
79,15.0,0.0009150421290087252,0.0,1.8085876051329177e-05
80,30.0,0.002458801065586158,1.0,0.999790341991374
81,19.0,0.0018477151274964854,0.0,1.7793061450323234e-06
82,23.0,0.0026805974043782044,0.0,0.00027577753782025973
83,16.0,0.0008836591811132166,0.0,2.7577753782025984e-05
84,9.0,0.0005201106513368359,0.0,2.757775378202604e-06
85,48.0,0.0034877386117386777,0.0,0.00024887045755279057
86,9.0,0.0005617195033664757,0.0,0.0002604756465370246
87,27.0,0.0016396708670072258,0.0,-0.0002635321016546452
88,15.0,0.0008268877812724895,0.0,0.0002453838711918935
89,41.0,0.0021262828661292588,0.0,0.00013108501167408482
90,5.0,0.0003346339037761936,0.0,0.0002762685419974788
91,15.0,0.0014450260672447257,0.0,0.0002722769676748054
92,42.0,0.0034958488117808884,0.0,2.722769676748052e-05
93,33.0,0.0026619086826258354,0.0,0.00022051867342843956
94,21.0,0.001144596050266955,0.0,0.00020853135640554784
95,6.0,0.0003857634254700315,0.0,0.00021337532016326355
96,37.0,0.0026640243870588165,0.0,0.00027436538464827937
97,23.0,0.0013039791109576981,0.0,2.7436538464827942e-05
98,21.0,0.0015850151713721061,0.0,0.0002772868220552891
99,14.0,0.002662613917436829,0.0,0.00015555024875935902
100,13.0,0.0013737973542902182,0.0,0.00021195855607844907
101,4.0,0.0004880224688577073,0.0,0.00027982010940324234
102,28.0,0.0027028122999581683,0.0,-3.0637138928989594e-05
103,48.0,0.0045279599144123495,0.0,0.00025067654216348855
104,61.0,0.008657814794673868,0.0,6.038915930687536e-05
105,9.0,0.0009771027897613749,0.0,0.00027206036844198376
106,6.0,0.0006280115728714009,0.0,0.00020685479394706098
107,16.0,0.0016580069712972545,0.0,0.0002640164874631874
108,8.0,0.0008476922073441528,0.0,0.00026645903853195815
109,32.0,0.005128467330905551,0.0,0.0002259660050684139
110,34.0,0.0034094575510152936,0.0,6.038915930687563e-06
111,15.0,0.0014492574758833143,0.0,9.491584515507266e-06
112,17.0,0.0012493234154362653,0.0,0.00032445883143831616
113,12.0,0.0009245627985592364,0.0,0.00025072457317168277
114,13.0,0.0007630640335491989,0.0,9.491584515507428e-07
115,13.0,0.0008163092595623311,0.0,1.7004980075966498e-05
116,9.0,0.0009619402419502876,0.0,0.00024606328118993866
117,13.0,0.002741952830433547,0.0,2.0685479394706057e-05
118,34.0,0.0033431654816240552,0.0,2.4606328118993877e-05
119,23.0,0.002081853074855644,0.0,0.00028690553011010767
120,31.0,0.003954956654411035,0.0,2.6645903853195793e-05
121,6.0,0.0019073074665811873,0.0,6.038915930687509e-07
122,32.0,0.0024351757003842067,0.0,2.7436538464827996e-06
123,17.0,0.0010229430504296033,0.0,2.8690553011010735e-05
124,28.0,0.001578315440951883,0.0,0.00015964537187623289
125,12.0,0.0007457857814188174,0.0,0.00026021000993924363
126,10.0,0.000830061337751431,0.0,-0.0001279638626785159
127,62.0,0.0034782179421881665,0.0,-5.89965394145186e-05
128,19.0,0.0010670202243545646,0.0,2.602100099392433e-05
129,9.0,0.0005722980250766341,0.0,0.0003055036804051031
130,19.0,0.0013600452759874315,0.0,2.6021000993924114e-06
131,16.0,0.0018403101622652684,0.0,2.119585560784494e-05
132,8.0,0.0005042428687147549,0.0,6.079867161856272e-05
133,14.0,0.0008067885900118199,0.0,0.00027697120578118966
134,15.0,0.0008529814682560755,0.0,6.079867161856245e-06
135,21.0,0.0011548219547421468,0.0,6.079867161856082e-07
136,54.0,0.003762780176543856,0.0,-0.00043352502956046896
137,7.0,0.00045663952096219873,0.0,0.00027752163628394705
138,10.0,0.0006139068772199607,0.0,0.0002738125445133404
139,22.0,0.0037246974983418113,0.0,0.00019109701237624797
140,15.0,0.0015895991973593482,0.0,6.07986716185554e-08
141,20.0,0.002072685022767473,0.0,0.00020923298809154018
142,11.0,0.0011826787285826867,0.0,2.602100099392628e-07
143,60.0,0.004953569105055067,0.0,0.00021908802827134342
144,21.0,0.0013110314587265748,0.0,0.00021534966210713275
145,8.0,0.001497566058560551,0.0,2.1908802827134315e-05
146,38.0,0.0025533025262802767,0.0,-9.619067219211264e-05
147,27.0,0.00157937329311153,0.0,0.000215573523014329
148,20.0,0.0013431196413193902,0.0,0.0002696874788575709
149,35.0,0.002144971587767941,0.0,0.00022202609486105532
150,6.0,0.0004051573819197074,0.0,0.00022461637158212007
151,29.0,0.001630502814805368,0.0,0.00028287244824403107
152,7.0,0.0004506450254666561,0.0,0.0002787032122544829
153,27.0,0.004434516305991565,0.0,0.00024224087449482425
154,14.0,0.0008141935552430368,0.0,0.00022591651841129872
155,30.0,0.0016844532756294939,0.0,2.6021000993942545e-08
156,7.0,0.0004365403297015291,0.0,6.079867161860961e-09
157,12.0,0.0007196920944352314,0.0,0.00024413033695533718
158,12.0,0.0007041769292754907,0.0,2.7870321225448357e-05
159,44.0,0.0028082448998247855,0.0,-4.2914477168315293e-05
160,10.0,0.000602270503463842,0.0,0.00022547455335733942
161,36.0,0.002141445413940346,0.0,0.00022116739708384403
162,10.0,0.0013713290326222705,0.0,0.0002518307260658349
163,18.0,0.001108276459035551,0.0,0.00024863169413456653
164,4.0,0.0003624906776167336,0.0,2.518307260658347e-05
165,20.0,0.0020099191272038297,0.0,0.00023907029218058425
166,12.0,0.0012577862327134426,0.0,2.5183072606583417e-06
167,19.0,0.002002866779434953,0.0,-4.4833526444223266e-05
168,9.0,0.0009665242679375297,0.0,2.518307260658396e-07
169,15.0,0.0015268333019093916,0.0,0.00028486711507354223
170,23.0,0.003119606055861368,0.0,0.0002572824309604138
171,4.0,0.0004576973731218459,0.0,0.0002445074897362125
172,36.0,0.0020571698576077324,0.0,0.00019771329173416327
173,8.0,0.0004957800514375776,0.0,0.0002122952355212611
174,19.0,0.001121323302527344,0.0,0.00027953017016370697
175,25.0,0.0015673843017793843,0.0,0.0002289592817868194
176,75.0,0.0068379564412452964,0.0,1.9771329173416333e-05
177,20.0,0.002235594257285811,0.0,0.0003073262857651233
178,11.0,0.0013766182934205062,0.0,3.0732628576512295e-05
179,17.0,0.0010204747287616556,0.0,1.9771329173416414e-06
180,26.0,0.0014524310323622558,0.0,0.00022038251509939904
181,43.0,0.0030956280733107633,0.0,2.5728243096041325e-05
182,17.0,0.0010299953983121668,0.0,0.00010640409949217475
183,26.0,0.0018960237099463484,0.0,0.0003173887901955891
184,39.0,0.00500857741803884,0.0,0.0002097533626161401
185,9.0,0.000666446868535786,0.0,2.0975336261613994e-05
186,18.0,0.001024706137513931,0.0,2.097533626161383e-06
187,41.0,0.002889699517140798,0.0,2.0975336261614373e-07
188,22.0,0.003008884195196515,0.0,0.00025546226657206306
189,33.0,0.004899266026882287,0.0,-2.760466878408359e-05
190,52.0,0.0032028237600343346,0.0,-2.6353210165464523e-05
191,46.0,0.0029609282299816186,0.0,0.0002162397136194645
192,35.0,0.002876652673649005,0.0,0.00024185066601202618
193,31.0,0.0031710881949038594,0.0,2.1623971361946464e-05
194,13.0,0.0008797803898232814,0.0,2.162397136194641e-06
195,33.0,0.0018300842579037635,0.0,0.000251315940100833
196,11.0,0.0007119345119690479,0.0,0.00026848076825217144
197,10.0,0.0006336534511319769,0.0,0.00033524798832781965
198,24.0,0.0013773235282315,0.0,0.00024644933515860815
199,27.0,0.0018039905710338644,0.0,7.933113808956309e-05
200,15.0,0.0008882432073278324,0.0,0.00016957357852882075
201,7.0,0.0004993062252651725,0.0,0.00024099241219723962
202,12.0,0.0006988876683635681,0.0,0.00024841752435460657
203,87.0,0.00724840308396324,0.0,4.175181666627207e-05
204,50.0,0.0028294019432451023,0.0,0.00027263480248318424
205,28.0,0.001986998996812872,0.0,-2.8890956314973014e-06
206,9.0,0.0009862708418495458,0.0,0.0003373871033705057
207,6.0,0.0007228656510278597,0.0,0.0002839596717730265
208,15.0,0.003669336568009385,0.0,0.00015212735006361476
209,24.0,0.0013991858064628104,0.0,0.0003019205312047483
210,27.0,0.0015349435018379154,0.0,0.0003379363880540368
211,32.0,0.001745808701457463,0.0,1.5212735006361509e-05
212,18.0,0.00123133992849489,0.0,0.00025751481790486073
213,35.0,0.0028082448998247855,0.0,0.0002787055291910707
214,18.0,0.001824089762294534,0.0,-1.9082652640453363e-05
215,13.0,0.001981357118552296,0.0,0.00023741383007774912
216,8.0,0.0021343930660577826,0.0,2.787055291910708e-05
217,6.0,0.0008325296595330656,0.0,0.00024450319526304724
218,35.0,0.003357622794624149,0.0,0.00025134505549864153
219,8.0,0.0008159566420999909,0.0,0.0002630213971528731
220,15.0,0.00107865659822437,0.0,2.5134505549864186e-05
221,64.0,0.005155971487397437,0.0,1.5212735006361346e-06
222,10.0,0.0006526947902329994,0.0,0.00028396734247503893
223,15.0,0.000861796902995593,0.0,4.292586916689414e-05
224,18.0,0.0011565850415991008,0.0,0.00030745991938702853
225,39.0,0.002215847683373795,0.0,0.0003377236918351293
226,8.0,0.0005395046077865118,0.0,0.0002803969156342863
227,17.0,0.0015561005452582322,0.0,0.0001181613093003282
228,29.0,0.004128091793290878,0.0,0.00020922967316073187
229,33.0,0.0032454904643373084,0.0,4.2925869166894354e-06
230,19.0,0.001136133232876091,0.0,0.00023375300813328797
231,19.0,0.0011174445112374087,0.0,0.0002772831737931352
232,14.0,0.0008053781203898325,0.0,4.2925869166892186e-07
233,35.0,0.0021989220487057537,0.0,2.803969156342864e-05
234,32.0,0.002930603134473131,0.0,0.00034900460428251734
235,9.0,0.0011823261111203465,0.0,2.8396734247503866e-05
236,15.0,0.0018135112405843756,0.0,4.2925869166881344e-08
237,24.0,0.0042014362106783665,0.0,3.490046042825171e-05
238,22.0,0.002204563926852643,0.0,0.0002456251341527685
239,11.0,0.0011565850415991008,0.0,0.00023616448456534718
240,18.0,0.0018106903014540876,0.0,0.00023354582486822807
241,15.0,0.000923152328937249,0.0,2.3354582486822834e-05
242,13.0,0.0007648271205198398,0.0,2.3354582486822834e-06
243,16.0,0.0009009374332435982,0.0,0.00013698481939665148
244,63.0,0.005940545181715606,0.0,1.5212735006360804e-07
245,36.0,0.0020797373705363498,0.0,0.0002792551321614157
246,6.0,0.0003963419471801899,0.0,0.00023637643428989555
247,34.0,0.001959142222972332,0.0,2.7925513216141556e-05
248,11.0,0.0007320337031160307,0.0,0.0002244223088285414
249,22.0,0.0012775328067391456,0.0,0.00024001563818086934
250,9.0,0.000979923728891663,0.0,2.4001563818086948e-05
251,20.0,0.0016266240235154328,0.0,-2.7604668784083643e-06
252,24.0,0.0036746258289213074,0.0,0.0002738831079825159
253,28.0,0.0027535892043033527,0.0,-2.889095631497139e-07
254,6.0,0.0004971905209458782,0.0,0.00024285606044122321
255,22.0,0.0016096983886200178,0.0,0.00030544894842229317
256,46.0,0.002529677161192012,0.0,0.00022539574505125217
257,18.0,0.0010543259983251119,0.0,0.00033420389442500085
258,9.0,0.0005959233903922723,0.0,3.34203894425001e-05
259,8.0,0.0010557364678334125,0.0,0.00022503893075772425
260,7.0,0.0008184249638816254,0.0,0.00028768310100895283
261,8.0,0.0005130583034542724,0.0,0.0002787411033220116
262,5.0,0.0003325181994568993,0.0,2.2503893075772458e-05
263,50.0,0.0027077489435214375,0.0,0.00021383431611532124
264,9.0,0.0005578407120765405,0.0,3.3420389442499884e-06
265,12.0,0.0008769594506929934,0.0,2.7874110332201164e-05
266,59.0,0.004900676496504275,0.0,0.00021976024621284454
267,20.0,0.0018180952666853045,0.0,0.00023502401419129266
268,26.0,0.002063516970679302,0.0,2.350240141912928e-05
269,28.0,0.0015367065888085563,0.0,2.3502401419129497e-06
270,58.0,0.005376004739105156,0.0,0.00028488262583277463
271,30.0,0.001733819710239004,0.0,2.8488262583277457e-05
272,38.0,0.00240767154389232,0.0,0.00027821063516824047
273,18.0,0.0012546126762345011,0.0,2.8488262583277186e-06
274,10.0,0.0021361561530284234,0.0,0.00020893959874112133
275,14.0,0.0009175104506766729,0.0,0.0003288422448205872
276,15.0,0.0008833065637645632,0.0,0.0002473530653233761
277,10.0,0.0006163751990015953,0.0,2.8488262583274476e-07
278,56.0,0.003300851394669735,0.0,0.00022937886771317475
279,27.0,0.001549400814838009,0.0,2.293788677131751e-05
280,5.0,0.0003346339037761936,0.0,2.29378867713174e-06
281,18.0,0.001056441702758093,0.0,1.5974160251247256e-05
282,30.0,0.002443638517775071,0.0,0.00027897584158459297
283,8.0,0.0026492144565963827,0.0,2.1383431611532086e-05
284,16.0,0.0009651137984292291,0.0,2.4562513415276872e-05
285,6.0,0.00039281577323890815,0.0,0.00023625951604353936
286,4.0,0.0005885184251610553,0.0,2.789758415845927e-05
287,11.0,0.0007634166510115392,0.0,0.0002418242450879062
288,58.0,0.003203176377496675,0.0,-2.6353210165464794e-06
289,34.0,0.002055759387985745,0.0,0.00014719895383012482
290,17.0,0.0010733673373124475,0.0,0.00028190766129644704
291,61.0,0.005136224913485421,0.0,2.1383431611531924e-06
292,13.0,0.0009513617202401292,0.0,4.504796874705479e-05
293,6.0,0.00044747146876034094,0.0,2.8190766129644682e-05
294,8.0,0.0005811134599298384,0.0,2.2937886771316317e-07
295,10.0,0.0006008600338418546,0.0,0.0002708333552743731
296,27.0,0.0014876927715476995,1.0,0.09997903419913734
297,8.0,0.0005402098427111923,0.0,2.708333552743728e-05
298,37.0,0.0036139756376769583,0.0,0.0002232057025338867
299,14.0,0.00144714177156402,0.0,0.0003077647145458401
300,20.0,0.002935187160460373,0.0,0.0002846513476422104
301,5.0,0.00034415457332670485,0.0,0.0002709358272422065
302,69.0,0.006585129772020082,0.0,0.000281886763939184
303,29.0,0.0017528610493400265,0.0,0.00026995893807625653
304,16.0,0.001550458667111343,0.0,2.818867639391837e-05
305,10.0,0.0006054440599427835,0.0,2.699589380762566e-05
306,27.0,0.002530382396003006,0.0,0.0002685472779452943
307,5.0,0.0003670747037176625,0.0,2.6995893807625604e-06
308,12.0,0.0009679347375595171,0.0,4.5047968747055005e-06
309,35.0,0.00203812851850671,0.0,0.00034640021017177654
310,37.0,0.002047296570594881,0.0,0.0002101174761928244
311,16.0,0.000923152328937249,0.0,2.1011747619282433e-05
312,29.0,0.002454922274296223,0.0,2.818867639391837e-06
313,33.0,0.001992640875073448,0.0,0.0002382587818659119
314,24.0,0.0014189323802611398,0.0,2.1011747619282487e-06
315,9.0,0.0007017086074938561,0.0,0.0003491016981188895
316,24.0,0.002201742987722355,0.0,4.5047968747055547e-07
317,25.0,0.0015324751800562808,0.0,0.0002522894664424918
318,9.0,0.0006072071467997375,0.0,0.0002737731858344328
319,9.0,0.0005737084946986215,0.0,0.0002531043565024373
320,19.0,0.0010634940505269697,0.0,0.0001880188888318331
321,81.0,0.004657017879480918,0.0,-2.635321016546425e-07
322,8.0,0.0007422596074775356,0.0,3.464002101717764e-05
323,26.0,0.004602362183845798,0.0,0.00025311250540303675
324,12.0,0.0012747118674951707,0.0,0.0002729741865484262
325,15.0,0.0014446734498960723,0.0,2.729741865484264e-05
326,26.0,0.0025356716568012416,0.0,-0.0004797973913531661
327,4.0,0.0005144687731899467,0.0,2.72974186548428e-06
328,16.0,0.001608993153922711,0.0,0.0002621440215767154
329,9.0,0.0010049595636019149,0.0,1.8801888883183298e-05
330,120.0,0.0116864455637824,0.0,-6.085779597948186e-05
331,5.0,0.00037412705160022597,0.0,0.0002011096099526243
332,13.0,0.0007517802770280468,0.0,-1.5029875342493105e-05
333,6.0,0.00071651853795629,0.0,0.00024403066855126844
334,5.0,0.001705962936398464,0.0,3.464002101717786e-06
335,14.0,0.0008586233465166515,0.0,0.0002720813757060801
336,7.0,0.0004689811297566848,0.0,2.011096099526242e-05
337,29.0,0.0018582936492066437,0.0,1.540707669656213e-05
338,14.0,0.0008960007899077027,0.0,0.000276732765836244
339,8.0,0.0005451464860470878,0.0,2.7673276583624416e-05
340,51.0,0.0038368298286286517,0.0,1.5407076696562346e-06
341,6.0,0.0011350753807164438,0.0,0.00026551366140680844
342,8.0,0.0006734992163046627,0.0,0.00032835004310485225
343,41.0,0.004094945758652102,0.0,0.00014397934038562742
344,65.0,0.003980697724045967,0.0,4.504796874703386e-08
345,12.0,0.0014020067455930985,0.0,0.00027174791554164225
346,12.0,0.0012641333457850124,0.0,2.7821063516824047e-05
347,26.0,0.001799759162281589,0.0,0.000280685315178369
348,30.0,0.004641502714321177,0.0,0.0002941809050439149
349,13.0,0.0009527721897484298,0.0,0.0002606439486986441
350,22.0,0.0013991858063491236,0.0,0.0002426927511088572
351,15.0,0.0010091909723541903,0.0,2.8068531517836867e-05
352,6.0,0.0003914053036169207,0.0,2.806853151783703e-06
353,56.0,0.004805822418347816,0.0,-4.482962963406475e-05
354,21.0,0.006690562371886699,0.0,-0.00027742575563774203
355,34.0,0.002052938448855457,0.0,0.00026828779843935573
356,6.0,0.0004555816688025516,0.0,0.0002773533872364805
357,22.0,0.001299042467394429,0.0,0.0003385673499831743
358,24.0,0.0014020067455930985,0.0,0.0001552606165991643
359,8.0,0.0004919012600339556,0.0,0.00022614930720753733
360,42.0,0.0083743104127052,0.0,0.000268408993321339
361,13.0,0.0016019408061538343,0.0,0.0002831590967915406
362,8.0,0.0008854222681975443,0.0,0.00025772417153536347
363,9.0,0.0005782925207995504,0.0,2.7821063516823992e-06
364,9.0,0.0009115159550674434,0.0,5.457371350408105e-06
365,6.0,0.0006794937119138922,0.0,0.00027923963092520084
366,28.0,0.0030825812298189703,0.0,0.00021351840283920367
367,38.0,0.003997975976176349,0.0,2.9418090504391493e-05
368,11.0,0.0006660942510734458,0.0,0.0002376499480680417
369,9.0,0.0005610142686691688,0.0,0.00024002487719077442
370,15.0,0.000843108181243224,0.0,2.792396309252008e-05
371,13.0,0.0007341494075490118,0.0,2.4002487719077437e-05
372,15.0,0.0008773120681553337,0.0,2.4002487719077545e-06
373,15.0,0.0016562438842129268,0.0,0.0002449086104863264
374,11.0,0.001234160867625178,0.0,2.400248771907863e-07
375,9.0,0.000627306338174094,0.0,2.4002487719067787e-08
376,37.0,0.002960575612632965,0.0,0.0002851825033010654
377,4.0,0.0003501490690496212,0.0,2.8518250330106525e-05
378,29.0,0.0016562438843266136,0.0,0.0001746800180324004
379,19.0,0.0013663923891726881,0.0,2.9418090504391764e-06
380,24.0,0.0013558138674625297,0.0,2.9418090504389595e-07
381,26.0,0.0016227452322254976,0.0,0.00021666438873424676
382,22.0,0.001262017641465718,0.0,0.0003473100977312837
383,23.0,0.001371681649970924,0.0,0.0002672183990720319
384,43.0,0.002609721308886037,0.0,-1.6880646140307045e-05
385,30.0,0.004114692332564118,0.0,0.00023288900267515785
386,24.0,0.001434094928072227,0.0,0.00027966166183539763
387,46.0,0.002840333082303914,0.0,2.796616618353973e-05
388,27.0,0.001702084145108529,0.0,2.328890026751578e-05
389,17.0,0.0010578521721527068,0.0,0.0001999465986851885
390,48.0,0.002746184239072136,0.0,0.00023729396617649668
391,21.0,0.0036848517331691255,0.0,0.00022377498588867342
392,23.0,0.0014048276846096996,0.0,5.457371350407942e-07
393,36.0,0.0022313628486472226,0.0,0.000282556880946907
394,16.0,0.0016439022755321275,0.0,0.00024879377813701183
395,4.0,0.0002898514951539255,0.0,0.0002570240248186694
396,27.0,0.0025272088394103775,0.0,0.00028181562285967604
397,39.0,0.003104796125512621,0.0,0.000256271036061441
398,28.0,0.003396763324985841,0.0,1.9994659868518834e-05
399,34.0,0.002250404187634558,0.0,0.0002368417782562861
400,25.0,0.0019640788664219144,0.0,0.0002247969162881352
401,71.0,0.0071031247190376234,0.0,0.0002676539017118974
402,52.0,0.005909162233933785,0.0,0.00028053476712004737
403,18.0,0.0018695774057277958,0.0,0.0002799737378434862
404,20.0,0.0020656326748849096,0.0,0.0002501380074367866
405,13.0,0.0013804970847104414,0.0,0.00026864248315079664
406,9.0,0.0009905022504881345,0.0,2.686424831507963e-05
407,4.0,0.0005084742774670303,0.0,0.00028283717109942865
408,21.0,0.0022518146572565456,0.0,0.0002242941158804427
409,10.0,0.0012662490502179935,0.0,2.8283717109942865e-05
410,9.0,0.0007937417465200269,0.0,2.805347671200472e-05
411,50.0,0.0028611375083755775,0.0,0.00012004578602958655
412,6.0,0.0004495871731933221,0.0,6.726354601898374e-05
413,61.0,0.005968401955556146,0.0,9.855325940378277e-06
414,20.0,0.0035674301420840493,0.0,0.0001408306622417423
415,8.0,0.0005426781642654532,0.0,0.0002487943183405308
416,29.0,0.0023241012223707003,0.0,2.4879431834053058e-05
417,21.0,0.001264838580596006,0.0,0.0002546329627044825
418,12.0,0.0008392293899532888,0.0,0.0001671524200441282
419,11.0,0.0006964193466956203,0.0,0.00025170744455073525
420,24.0,0.002195395874764472,0.0,4.1923864974490117e-05
421,16.0,0.001671406432137701,0.0,-0.00033108313658733766
422,14.0,0.00093902011155933,0.0,0.0002453691097361156
423,6.0,0.0007510750422170531,0.0,0.0002815495332834131
424,18.0,0.0018360787536266798,0.0,1.671524200441281e-05
425,4.0,0.0004986009905678657,0.0,2.8154953328341306e-05
426,23.0,0.0023085860570972727,0.0,1.671524200441265e-06
427,12.0,0.0012687173718859412,0.0,2.5463296270448208e-05
428,8.0,0.0008843644159242103,0.0,2.5463296270448153e-06
429,18.0,0.0019457427621318857,0.0,0.0002397961723645252
430,21.0,0.002952112795242101,0.0,0.00022350641423672787
431,19.0,0.0013879020499416583,0.0,-1.2717677733362412e-05
432,11.0,0.0006837251206661676,0.0,0.0002546451757645872
433,16.0,0.0010042543287909211,0.0,2.3979617236452523e-05
434,17.0,0.0014305687542446321,0.0,-1.2717677733362358e-06
435,27.0,0.002044828248926933,0.0,0.00022561896523245082
436,14.0,0.0013808497021727817,0.0,4.5001286850983584e-05
437,16.0,0.000908342398588502,0.0,0.00023040966594490645
438,6.0,0.00041961469491980097,0.0,0.00024713278825395886
439,55.0,0.004799475305276246,0.0,0.00024388784372879273
440,14.0,0.0009637033288072416,0.0,2.2561896523245117e-05
441,20.0,0.0012010148327590286,0.0,0.00031156777471715643
442,7.0,0.00044394529493274604,0.0,0.00022184250123555573
443,23.0,0.0012976319978861284,0.0,2.2184250123555565e-05
444,25.0,0.0014672409628246896,0.0,7.933113808956298e-06
445,27.0,0.001612871945212646,0.0,3.1156777471715654e-05
446,24.0,0.0035212372639534806,0.0,0.0002247273508420408
447,22.0,0.0014735880758962594,0.0,2.2350641423672776e-05
448,9.0,0.0005934550686106377,0.0,0.00023169723700062537
449,46.0,0.0026322888218146545,0.0,0.00023694045463229865
450,10.0,0.0006375322425355989,0.0,-4.171845668376789e-05
451,17.0,0.001061730963442642,0.0,2.3040966594490642e-05
452,23.0,0.0014344475454208805,0.0,0.00024723443917741523
453,32.0,0.001793412049323706,0.0,0.0002084021173663403
454,34.0,0.0024609167700191392,0.0,2.2561896523245117e-06
455,35.0,0.005937724242585318,0.0,2.3169723700062518e-05
456,8.0,0.0008762542159956865,0.0,2.2561896523244033e-07
457,12.0,0.0009354939376180482,0.0,-1.2717677733365068e-07
458,16.0,0.001796232988453994,0.0,2.3169723700062735e-06
459,7.0,0.0008000888595915967,0.0,2.316972370006165e-07
460,25.0,0.0015645633626490962,0.0,0.0002746014324976286
461,27.0,0.003930273437163123,0.0,0.00011113825839262638
462,14.0,0.0015053236411404214,0.0,0.00026885158085558695
463,8.0,0.0008917693811554273,0.0,0.000270839734468217
464,36.0,0.00351312706391127,0.0,2.2350641423672614e-06
465,16.0,0.001671406432137701,0.0,0.0002821964076740027
466,8.0,0.0008759015986470331,0.0,2.821964076740025e-05
467,23.0,0.0025056991785277205,0.0,0.00023554745529613235
468,4.0,0.0006724413641450155,0.0,0.00026542342876930775
469,8.0,0.0009189209201849735,0.0,0.0001669297974524482
470,30.0,0.0019457427620181988,0.0,0.0002579147651848375
471,15.0,0.0009661716507025631,0.0,1.669297974524485e-05
472,4.0,0.00029478813860350783,0.0,2.579147651848374e-05
473,9.0,0.000709113572725073,0.0,0.00023390009036547
474,4.0,0.0005021271643954606,0.0,2.5791476518483795e-06
475,16.0,0.0012644859632473526,0.0,0.00022175888267559325
476,8.0,0.0008667335464451753,0.0,0.0002756698212033941
477,18.0,0.0014608938498668067,0.0,2.2175888267559317e-05
478,16.0,0.0010663149896572577,0.0,-0.0004189179744935087
479,20.0,0.0026929390130590036,0.0,0.0001715350156828828
480,10.0,0.0006664468684220992,0.0,0.0002262885434547262
481,13.0,0.0007553064509693286,0.0,3.406356579909971e-05
482,8.0,0.0005088268948156838,0.0,2.0840211736634028e-05
483,26.0,0.0015106129019386572,0.0,0.000337258917909232
484,21.0,0.0012137090589021682,0.0,0.00025950717597285583
485,39.0,0.002360068196139764,0.0,-0.0002726407049453787
486,21.0,0.0022024482225333486,0.0,3.406356579909982e-06
487,46.0,0.004285359149662327,0.0,0.00021420996302058549
488,15.0,0.0015360013539975625,0.0,0.00027672118638644324
489,33.0,0.0032588899251777548,0.0,0.0002461608212275826
490,10.0,0.0006033283556234892,0.0,0.0002764131368416458
491,25.0,0.002579748830612516,0.0,2.3554745529613262e-05
492,16.0,0.0016340289886329629,0.0,0.0002506778493245175
493,43.0,0.005331927565293881,0.0,0.00013309069411031172
494,25.0,0.0024732583785862516,0.0,0.000277762096124382
495,12.0,0.0008744911290250457,0.0,-1.3099890475726445e-05
496,21.0,0.0011886732241919162,0.0,0.00027229056966498365
497,11.0,0.0006664468684220992,0.0,2.7229056966498338e-05
498,19.0,0.0011181497460484024,0.0,0.00030850334279533217
499,82.0,0.006960667293242295,0.0,0.0002846372451465165
500,18.0,0.0012465024761922905,0.0,0.00024583348562448023
501,26.0,0.0016382603973852383,0.0,0.0002851152025551422
502,6.0,0.0003907000690333007,0.0,0.00021709971462014488
503,9.0,0.0005775872859885567,0.0,2.8511520255514232e-05
504,17.0,0.0009552405115300644,0.0,2.8511520255514395e-06
505,47.0,0.002640399021856865,0.0,2.7229056966498176e-06
506,19.0,0.0010687833113252054,0.0,0.00027380905057347295
507,7.0,0.0005088268948156838,0.0,0.0003346258894812199
508,58.0,0.004419706375529131,0.0,2.3554745529613262e-06
509,14.0,0.0013819075543324288,0.0,0.00020617186897435534
510,32.0,0.001916122901207018,0.0,2.4616082122758283e-05
511,45.0,0.0025772805089445683,0.0,1.9371672443087285e-05
512,23.0,0.0014559572063035375,0.0,0.00019887686195059267
513,17.0,0.001013422380992779,0.0,0.0003419118652989606
514,16.0,0.0009397253463703237,0.0,1.988768619505925e-05
515,22.0,0.0019203543099592935,0.0,0.00028043298328712615
516,7.0,0.0005567828600305802,0.0,0.00028391601397530523
517,10.0,0.001170689737250541,0.0,0.00021890321110319328
518,12.0,0.0007094661900737265,0.0,3.419118652989606e-05
519,12.0,0.0006978298162039209,0.0,0.0002503746649998675
520,7.0,0.0004397138862941574,0.0,2.8043298328712593e-05
521,11.0,0.0006791410945652387,0.0,2.80432983287127e-06
522,27.0,0.0017242990406884928,0.0,0.00024534555190898466
523,9.0,0.0008536867029533823,0.0,2.4534555190898455e-05
524,6.0,0.0006682099553927401,0.0,0.00022026502715407842
525,15.0,0.0009312625288657728,0.0,1.3309069411031153e-05
526,4.0,0.0005317470252066414,0.0,2.2026502715407844e-05
527,7.0,0.00045381858194559754,0.0,2.2026502715408007e-06
528,29.0,0.0018205635883532523,0.0,2.3554745529611636e-07
529,26.0,0.003256421603509807,0.0,0.00027234040591608805
530,10.0,0.0006382374772329058,0.0,2.2026502715408007e-07
531,7.0,0.0004545238166429044,0.0,1.937167244308712e-06
532,17.0,0.0010222378157322964,0.0,0.00021378367128347992
533,62.0,0.0032846309946990004,0.0,-1.6716347506380558e-05
534,18.0,0.0012835273022346882,0.0,2.7641313684164596e-05
535,24.0,0.0014168166760555323,0.0,0.00018879389538090435
536,19.0,0.001057146937341713,0.0,0.00022573780267945494
537,18.0,0.001145653902540289,0.0,0.000276636696560859
538,16.0,0.0012457972414949836,0.0,0.00019529237714562415
539,17.0,0.0020508227445361626,0.0,0.00024328724876567518
540,9.0,0.0005479674251773758,0.0,0.00028432971789981907
541,9.0,0.0005437360165387872,0.0,2.8432971789981874e-05
542,18.0,0.001171747589410188,0.0,0.00033737814588840324
543,16.0,0.0009206840072693012,0.0,0.00026233166502483986
544,19.0,0.001160463832889036,0.0,2.843297178998193e-06
545,69.0,0.00439608101032718,0.0,0.00028143827262547033
546,5.0,0.0004164411384408595,0.0,2.8143827262547044e-05
547,23.0,0.0015564531627205724,0.0,2.4328724876567518e-05
548,50.0,0.005178186382977401,0.0,0.0003426558240260641
549,17.0,0.0009905022504881345,0.0,0.00025597752840605655
550,24.0,0.0017824809101512074,0.0,0.0002454808876746691
551,6.0,0.00043936126883181714,0.0,2.5597752840605644e-05
552,37.0,0.002229599761562895,0.0,2.4548088767466843e-05
553,21.0,0.0013089157544072805,0.0,2.595071759728553e-05
554,8.0,0.000555725007870933,0.0,0.0002537697386220925
555,23.0,0.0018152743274413297,0.0,2.3554745529606215e-08
556,37.0,0.0039761136979450384,0.0,0.00024168467602794452
557,8.0,0.0004964852861348845,0.0,2.416846760279446e-05
558,32.0,0.0018896765969884655,0.0,0.0002451078126819383
559,18.0,0.0010208273462239958,0.0,0.00026792346622656174
560,12.0,0.0007288601466370892,0.0,0.0002505064248340026
561,4.0,0.00030889283425494796,0.0,0.0002517657855200101
562,24.0,0.0013815549368700886,0.0,2.505064248340029e-05
563,15.0,0.0008494552943147937,0.0,9.882282391844729e-06
564,19.0,0.0011872627546836156,0.0,3.4265582402606405e-05
565,83.0,0.0058858894861941735,0.0,0.00024336840035382758
566,16.0,0.0009566509811520518,0.0,0.0002255557725844571
567,14.0,0.00091116333771879,0.0,1.95292377145624e-05
568,21.0,0.0012080671806415921,0.0,2.4336840035382745e-05
569,28.0,0.001909775788249135,0.0,0.0003466749928272514
570,7.0,0.0008960007899077027,0.0,-4.22390626712109e-05
571,5.0,0.0007084083380277661,0.0,3.4667499282725134e-05
572,42.0,0.003463760629188073,0.0,0.0002729941643747427
573,10.0,0.000601212651190508,0.0,0.0002836950221936362
574,7.0,0.00044606099925204035,0.0,0.00032780433029754545
575,6.0,0.0003843529559617309,0.0,0.0002545715249831726
576,19.0,0.0010518576766571641,0.0,0.00031481931450011577
577,10.0,0.0005959233902785854,0.0,0.0002520484940924446
578,24.0,0.0013117366935375685,0.0,3.278043302975452e-05
579,22.0,0.0012606071719574174,0.0,4.061022816381836e-05
580,19.0,0.0014453786845933791,0.0,3.14819314500115e-05
581,14.0,0.0009792184940806692,0.0,0.000254473622880785
582,18.0,0.001091703441716163,0.0,2.7823518384543198e-05
583,29.0,0.0015769049714435823,0.0,0.0002970125504809537
584,18.0,0.002906272534460186,0.0,0.0002818870643554169
585,10.0,0.0007842210769695157,0.0,0.00021347814904853704
586,26.0,0.001533885649791955,0.0,0.00022608404291874534
587,26.0,0.0014757037802155537,0.0,0.00018955341288930444
588,26.0,0.0016664697886881186,0.0,0.0002801438960613069
589,17.0,0.0012161773806838028,0.0,2.8014389606130703e-05
590,15.0,0.0009298520593574722,0.0,2.8014389606130594e-06
591,30.0,0.001582899466939125,0.0,0.0003013257379800474
592,14.0,0.0007736425552593573,0.0,0.00029308096785505216
593,8.0,0.0004742703905549206,0.0,0.0002220151424159693
594,37.0,0.00445955214058813,0.0,4.1239061789786655e-05
595,18.0,0.001034932041875436,0.0,2.2201514241596964e-05
596,33.0,0.00181562694490367,0.0,-0.00011258523713445845
597,18.0,0.0009866234593118861,0.0,0.0002540510965882933
598,24.0,0.0014503153280429615,0.0,0.0002368684189058164
599,5.0,0.0003519121559065752,0.0,0.00022578454940666042
600,6.0,0.00037765322542782087,0.0,2.2578454940666017e-05
601,8.0,0.0004926064948449493,0.0,0.00024412764046487172
602,12.0,0.000675614920623957,0.0,0.00028715950568841773
603,23.0,0.001241565832856395,0.0,2.416846760279446e-06
604,7.0,0.0004605183122521339,0.0,2.871595056884175e-05
605,7.0,0.00045593428626489185,0.0,0.00028597372316438544
606,22.0,0.002744421152101495,0.0,2.871595056884186e-06
607,12.0,0.0007320337032297175,0.0,0.00026945911380641936
608,15.0,0.0008371136856339945,0.0,0.00022536755624169775
609,12.0,0.0006780832424055916,0.0,2.8715950568840775e-07
610,19.0,0.0010596152592370345,0.0,2.8597372316438528e-05
611,18.0,0.0010384582158167177,0.0,2.8597372316438636e-06
612,18.0,0.0014802878063164826,0.0,0.000267531319749167
613,11.0,0.0006639785467541515,0.0,0.00024809131405626437
614,31.0,0.0016315606669650151,0.0,2.859737231643701e-07
615,31.0,0.0016541281798936325,0.0,0.00026758340522294515
616,21.0,0.0015296542410396796,0.0,0.0002840505210268344
617,23.0,0.001957026518539351,0.0,2.6758340522294543e-05
618,24.0,0.0012919901196255523,0.0,0.00021385214353757885
619,12.0,0.0006720887467963621,0.0,0.0002539381527152583
620,55.0,0.0028995728040399626,0.0,0.00011615931075104017
621,23.0,0.0013558138674625297,0.0,-0.0003191543896106808
622,14.0,0.0009330256158364136,0.0,0.0003073557437431838
623,30.0,0.0016428444233724804,0.0,0.00027090234598209926
624,14.0,0.0007831632248098686,0.0,2.539381527152582e-05
625,21.0,0.0012091250328012393,0.0,0.0002822288872248734
626,22.0,0.0013536981630295486,0.0,0.0002508034416143358
627,10.0,0.00057053493821968,0.0,0.00033397181741433106
628,7.0,0.00041608852109220607,0.0,2.508034416143359e-05
629,8.0,0.0006498738511027113,0.0,2.8222888722487314e-05
630,67.0,0.006523774345964739,0.0,0.00025227553465995026
631,16.0,0.001992640875073448,0.0,2.5080344161433534e-06
632,19.0,0.0026389885522348777,0.0,0.00020631101547217978
633,47.0,0.0035145375335332574,0.0,0.0002554791462017864
634,22.0,0.002446459456905359,0.0,0.00028391103559147755
635,7.0,0.00046651280797505024,0.0,0.00024190178270543623
636,10.0,0.0006110859382033595,0.0,0.0002660727591036307
637,4.0,0.00026834183427126845,0.0,2.4190178270543615e-05
638,9.0,0.0005179949470175416,0.0,2.8391103559147755e-05
639,23.0,0.001250733884944566,0.0,0.0002704434837550256
640,66.0,0.005531861625854617,0.0,0.000247280474326778
641,17.0,0.0009397253462566368,0.0,2.508034416143245e-07
642,44.0,0.0024602115350944587,0.0,0.0003473677024367776
643,6.0,0.0004386560340208234,0.0,2.4728047432677805e-05
644,43.0,0.0023551315528038685,0.0,0.0002258276701976598
645,31.0,0.0018734561969040442,0.0,0.0002468500952913619
646,25.0,0.0013399460848404487,0.0,0.0002488589395318238
647,10.0,0.0005853448686821139,0.0,0.0002252674438755595
648,17.0,0.0009936758070807628,0.0,0.0002382655506412833
649,15.0,0.0015081445801570226,0.0,3.473677024367776e-05
650,10.0,0.0009591193028199996,0.0,0.0002502970511043959
651,6.0,0.00043830341667217,0.0,0.0002671204338113164
652,11.0,0.0006410584163631938,0.0,2.671204338113161e-05
653,17.0,0.0011125078677878264,0.0,2.502970511043958e-05
654,10.0,0.0007440226944481765,0.0,2.6712043381131503e-06
655,21.0,0.0011445960503806418,0.0,2.46850095291362e-05
656,9.0,0.0005536093034379519,0.0,3.4736770243677596e-06
657,21.0,0.0013265466240000023,0.0,9.697211679551626e-06
658,21.0,0.0011336649112081432,0.0,2.5029705110439634e-06
659,17.0,0.0009802763462403163,0.0,0.00021044772940900092
660,7.0,0.0004658075731640565,0.0,0.00016711509030703926
661,27.0,0.0016199242930952096,0.0,0.00029929901646999664
662,23.0,0.002127340718288906,0.0,1.671150903070391e-05
663,9.0,0.000537036286118564,0.0,9.697211679551843e-07
664,22.0,0.0011805630241497056,0.0,0.00021253887408163847
665,42.0,0.0021886961443442488,0.0,0.00017645140179337848
666,38.0,0.0019725416836990917,0.0,0.0002803661129255441
667,12.0,0.0009196261549959672,0.0,0.0002812376758521326
668,22.0,0.0011914941633222043,0.0,0.0003478646233251718
669,61.0,0.003110085386310857,0.0,0.0002231558444462106
670,27.0,0.002540608300250824,0.0,6.247927461027733e-05
671,13.0,0.0008110199987640954,0.0,0.0002703073285377804
672,16.0,0.0008512183812854346,0.0,-3.858620696991171e-05
673,7.0,0.0004097414080206363,0.0,0.00022641618300352714
674,15.0,0.0008057307377384859,0.0,0.0003324464708366391
675,13.0,0.0007062926337084718,0.0,1.0120668622966582e-05
676,26.0,0.0013194942761174389,0.0,-3.858620696991176e-06
677,25.0,0.0012761223370034713,0.0,0.000268299193916051
678,12.0,0.000655163112014634,0.0,0.0003346810054052959
679,10.0,0.0005525514512783047,0.0,2.6829919391605135e-05
680,25.0,0.0013191416587687854,0.0,2.6829919391605297e-06
681,10.0,0.0005641878251481103,0.0,0.0002592805276754429
682,73.0,0.004892566296575751,0.0,2.68299193916053e-07
683,9.0,0.0009453672245172129,0.0,0.00034286762294220136
684,25.0,0.0013963648673325224,0.0,0.0002500738327920584
685,4.0,0.00026516827790601383,0.0,2.6829919391594455e-08
686,9.0,0.0005536093034379519,0.0,2.6829919391323405e-09
687,6.0,0.00036742732118000276,0.0,0.0002447577772743209
688,12.0,0.0009393727289079834,0.0,2.4475777727432082e-05
689,12.0,0.0007524855118390406,0.0,4.444827236124038e-05
690,48.0,0.0025399030654398302,0.0,-4.0389307194815425e-05
691,9.0,0.0005204632687991761,0.0,0.00028454842231578626
692,9.0,0.0006368270077246052,0.0,0.00026874192273598573
693,20.0,0.001175273763237783,0.0,3.4286762294220114e-05
694,20.0,0.001972894301161432,0.0,2.3554745529823055e-09
695,31.0,0.0016770483102845901,0.0,0.00022569873084509926
696,34.0,0.0018914396839591063,0.0,0.00022384492423951005
697,28.0,0.0016502493887173841,0.0,0.0002930143102889401
698,28.0,0.0015455220236617606,0.0,2.845484223157861e-05
699,15.0,0.0015151969279258992,0.0,0.0001896035290807367
700,30.0,0.001710546962499393,0.0,0.0002806347858648401
701,9.0,0.001515196928039586,0.0,0.00020506387351240332
702,10.0,0.0008751963638360394,0.0,6.53405217821798e-05
703,55.0,0.0031160798819200863,0.0,0.0002317080350904388
704,18.0,0.0009933231897321093,0.0,2.9301431028894024e-05
705,30.0,0.0016608279103138557,0.0,0.00023205706327652256
706,22.0,0.0012105355024232267,0.0,0.0003441657647438671
707,6.0,0.00045381858194559754,0.0,3.4416576474386677e-05
708,24.0,0.001761676484079544,0.0,3.441657647438646e-06
709,40.0,0.0021336878313604757,0.0,0.00019280875783242573
710,6.0,0.0006209592251025242,0.0,0.00028356651363487244
711,16.0,0.0018385470752946276,0.0,1.9280875783242576e-05
712,42.0,0.0021121781705915055,0.0,2.5007383279205804e-05
713,8.0,0.0004587552253951799,0.0,0.00022651838959358958
714,14.0,0.0007842210769695157,0.0,0.0002789856786587814
715,63.0,0.0032744050904511823,0.0,0.00028166277304578273
716,7.0,0.00042419872102072986,0.0,0.00022260665070719652
717,37.0,0.0034958488117808884,0.0,0.0003077014489076546
718,10.0,0.0006082649990730715,0.0,0.0002556254023351464
719,7.0,0.0004206725470794481,0.0,0.000274715849035662
720,7.0,0.0008420503290835768,0.0,3.077014489076546e-05
721,6.0,0.0006184909033208896,0.0,0.00028425329652266796
722,7.0,0.00044182959061345173,0.0,2.747158490356617e-05
723,33.0,0.0016869215972974416,1.0,0.00999790341991369
724,14.0,0.0007588326247969235,0.0,1.9280875783242576e-06
725,7.0,0.00041150449499127717,0.0,2.84253296522668e-05
726,15.0,0.0010409265374846655,0.0,0.0002590778273588983
727,6.0,0.00038223725152874977,0.0,2.7471584903566277e-06
728,12.0,0.0007031190771158435,0.0,2.556254023351463e-05
729,29.0,0.0015705578582583257,0.0,2.556254023351474e-06
730,11.0,0.0006308325120016889,0.0,0.00021639853730677516
731,28.0,0.0015003869975771522,0.0,6.534052178217952e-06
732,35.0,0.0019238804839005752,0.0,0.00028189175895256897
733,19.0,0.0027800355085219053,0.0,0.00029040976475666505
734,8.0,0.0005916919816399968,0.0,0.00023755094618269426
735,16.0,0.0008448712682138648,0.0,0.00024184946249809563
736,7.0,0.0004069204690040351,0.0,6.534052178217898e-07
737,16.0,0.0008766068334580268,0.0,2.418494624980953e-05
738,20.0,0.0010941717634977977,0.0,1.8960352908073663e-05
739,16.0,0.0008466343550708189,0.0,0.00017605805505046268
740,5.0,0.0003039561908053656,0.0,0.0002164849431759987
741,19.0,0.0010240009027029373,0.0,6.534052178220609e-08
742,28.0,0.0016576543538349142,0.0,0.000291890911680462
743,110.0,0.007943764578499213,0.0,0.0003180085569645647
744,28.0,0.0016950317972259654,0.0,6.53405217822603e-09
745,79.0,0.004272664923519187,0.0,-4.4833481025721624e-05
746,29.0,0.0015462272583590675,0.0,0.0003493585984774008
747,11.0,0.0006650363990274855,0.0,0.00032135010715332
748,17.0,0.0010705463982958463,0.0,0.00031866049553974716
749,31.0,0.0018117481536137348,0.0,3.213501071533197e-05
750,6.0,0.0008000888595915967,0.0,3.1800855696456415e-05
751,12.0,0.0009185683028363201,0.0,0.0003424244549066309
752,6.0,0.00036601685155801533,0.0,4.0350786328367306e-05
753,12.0,0.0007972679204613087,0.0,0.00021256232167492028
754,8.0,0.0005246946774377648,0.0,0.0002854117535397689
755,60.0,0.0036132704028659646,0.0,0.00028459920311460957
756,9.0,0.000533157494714942,0.0,2.845992031146093e-05
757,62.0,0.003110085386310857,0.0,2.845992031146104e-06
758,46.0,0.0035138322987222637,0.0,4.035078632836731e-06
759,39.0,0.0020014563098129656,0.0,0.00027384583705002445
760,48.0,0.0024330599960649124,1.0,0.5406490116364597
761,6.0,0.00036002235594878584,0.0,0.00022009318807671832
762,8.0,0.0004555816688025516,0.0,2.2009318807671857e-05
763,8.0,0.00047991226881549665,0.0,0.00025721794755683694
764,17.0,0.0009217418594289484,0.0,0.00028127905522497493
765,69.0,0.003622085837605482,0.0,0.00027931152458501873
766,38.0,0.0020617538835949745,0.0,0.0003382946217707147
767,16.0,0.0012295768414105623,0.0,0.00028401284938860865
768,18.0,0.000972518763660446,0.0,2.793115245850185e-05
769,36.0,0.0018244423797568743,0.0,0.00027005217135559183
770,4.0,0.00043583509500422224,0.0,2.8401284938860865e-05
771,9.0,0.0005246946774377648,0.0,0.00019152568494845476
772,11.0,0.0006047388251317898,0.0,2.8401284938860973e-06
773,8.0,0.00045734475577319245,0.0,0.0002526769391193918
774,27.0,0.0013935439282022344,0.0,0.0003459425809932002
775,48.0,0.002709159413029738,0.0,0.00021917534118138704
776,15.0,0.0008120778509237425,0.0,0.0003420796021591998
777,17.0,0.0010352846592240894,0.0,0.0003294506292118662
778,28.0,0.0022221947964453648,0.0,0.0002611827917098881
779,15.0,0.0013981279543031633,0.0,0.00025224735958382223
780,9.0,0.000549025277337023,0.0,2.5224735958382196e-05
781,31.0,0.001597004162704252,0.0,0.00034740444752800906
782,9.0,0.0005084742774670303,0.0,2.5224735958381925e-06
783,24.0,0.0012916375022768989,0.0,2.522473595838355e-07
784,11.0,0.0006371796250732586,0.0,0.00033236785783220395
785,13.0,0.0007218077988682126,0.0,2.522473595837271e-08
786,19.0,0.0010098962070514972,0.0,3.4740444752800895e-05
787,14.0,0.0007944469813310207,0.0,0.0002668318218449715
788,14.0,0.0007479014857381117,0.0,0.00031644500951334627
789,39.0,0.0020924315966794893,0.0,3.164450095133461e-05
790,10.0,0.0017708445362814018,0.0,0.00025480662499444915
791,36.0,0.0019527951099007623,0.0,0.00027100622140798067
792,5.0,0.00031382947781821713,0.0,2.548066249944493e-05
793,10.0,0.0005539619207866053,0.0,0.0002575048599296261
794,53.0,0.0033304712555946026,0.0,0.00027491485423397627
795,77.0,0.004135849375870748,0.0,0.00022043780996246985
796,18.0,0.0009682873550218574,0.0,0.0002840538420434059
797,17.0,0.0010240009027029373,0.0,4.035078632836568e-07
798,11.0,0.001560684571472848,0.0,0.00028442220895299563
799,17.0,0.0013572243369708303,0.0,0.0003430148910896635
800,37.0,0.0019605526925943195,0.0,0.00027640618959054545
801,13.0,0.0007270970596664483,0.0,2.764061895905453e-05
802,38.0,0.0019291697448124978,0.0,0.00024987358887760934
803,28.0,0.0016576543538349142,0.0,3.4301489108966364e-05
804,29.0,0.0015240123627791036,0.0,0.0002765810715336662
805,16.0,0.0010892351199345285,0.0,0.00034910514489772023
806,55.0,0.0034588239857384906,0.0,2.7658107153366595e-05
807,19.0,0.0012119459719315273,0.0,2.765810715336665e-06
808,14.0,0.0007461383987674708,0.0,0.000271914128622634
809,13.0,0.0006950088771873197,0.0,0.00026734198902936116
810,19.0,0.0009830972854842912,0.0,0.00030146445171954793
811,22.0,0.0012500286501335722,0.0,1.3236380941143342e-05
812,16.0,0.0008427555638945705,0.0,0.0002749798977964355
813,11.0,0.0006220170772621714,0.0,1.323638094114345e-06
814,9.0,0.0007316810857673772,0.0,4.035078632834942e-08
815,16.0,0.0013082105197099736,0.0,-4.4830099352306644e-05
816,15.0,0.0016869215972974416,0.0,0.0003442313781096223
817,25.0,0.004388676045095963,0.0,1.323638094114345e-07
818,12.0,0.0010895877373968688,0.0,0.000259129993687335
819,7.0,0.00042067254719313496,0.0,1.6923300611752573e-05
820,9.0,0.0008110199986504085,0.0,0.0002207819724587035
821,8.0,0.0005306891730469943,0.0,1.6923300611752464e-06
822,19.0,0.001152001015498172,0.0,0.0001074167459209691
823,17.0,0.0010169485549340607,0.0,0.0002781352477147
824,10.0,0.0007990310073182627,0.0,0.0001945365482855213
825,24.0,0.0013039791109576981,0.0,1.0741674592096902e-05
826,12.0,0.0010222378157322964,0.0,0.0002312008504142766
827,9.0,0.0005483200426397161,0.0,0.0002775767657067081
828,17.0,0.0020924315965658025,0.0,0.00028102246194164164
829,12.0,0.0012849377718566757,0.0,-2.1714049389511784e-05
830,25.0,0.0014013015107821047,0.0,2.8102246194164132e-05
831,4.0,0.00028033082560341427,0.0,0.00027218164350940134
832,10.0,0.0006202539902915305,0.0,0.00013583771247491962
833,35.0,0.0019531477273631026,0.0,-0.39832587860456814
834,12.0,0.000768705911809775,0.0,4.2662729491988306e-05
835,10.0,0.0006047388250181029,0.0,0.0002656096323914966
836,7.0,0.00043336677322258765,0.0,4.266272949198836e-06
837,20.0,0.0010486841200645358,0.0,2.1253887408163874e-05
838,16.0,0.000984507754878905,0.0,0.00013377543927366192
839,12.0,0.0007919786595493861,0.0,1.3377543927366192e-05
840,6.0,0.0003677799385286562,0.0,2.6560963239149647e-05
841,8.0,0.00047109683407597913,0.0,0.00028204185549676096
842,9.0,0.0008099621464907614,0.0,0.0003480966580292929
843,16.0,0.0008960007899077027,0.0,2.6560963239149592e-06
844,18.0,0.0009450146071685595,0.0,0.00019615665099581347
845,10.0,0.0005546671557112859,0.0,0.0002458736351404247
846,33.0,0.0016777535452092707,0.0,0.0002779175644532841
847,42.0,0.0023681783961819747,0.0,2.458736351404245e-05
848,11.0,0.0006121437902493199,0.0,2.7791756445328406e-05
849,20.0,0.001080419685195011,0.0,0.00032999615921114805
850,22.0,0.0012775328067391456,0.0,2.779175644532835e-06
851,7.0,0.0004658075731640565,0.0,0.00028320323499667115
852,17.0,0.0009922653374587753,0.0,2.458736351404272e-06
853,10.0,0.0012644859631336658,0.0,3.299961592111481e-05
854,13.0,0.0016414339539778666,0.0,1.7155937865951873e-05
855,19.0,0.0010070752679212092,0.0,0.00023238326837676435
856,21.0,0.0010874720329638876,0.0,-1.5194470444216247e-05
857,6.0,0.00035755403416715126,0.0,0.00022002775866203602
858,12.0,0.0009115159550674434,0.0,0.0002433839761279602
859,16.0,0.0009961441287487105,0.0,0.0003496502348487548
860,19.0,0.0012718909283648827,0.0,0.0002755610630684726
861,34.0,0.0019051917621482062,0.0,-1.5194470444216193e-06
862,12.0,0.0006569261989852748,0.0,0.00023903568203108356
863,17.0,0.0018022274839495367,0.0,0.00027799070049362625
864,5.0,0.00048731723404671357,0.0,0.00022214399427703538
865,27.0,0.0013946017803618815,0.0,0.00025674010542139176
866,35.0,0.0018688721709168021,0.0,0.00028271664637920946
867,22.0,0.0011498853111788776,0.0,0.0001079807949470738
868,22.0,0.0011051029025566095,0.0,0.00028394703735807887
869,21.0,0.0012165299980324562,0.0,2.779907004936264e-05
870,38.0,0.0022013903703737014,0.0,0.00023921348034608095
871,16.0,0.0028078922823624453,0.0,0.00025449607089310725
872,15.0,0.001180915641498359,0.0,4.2359671320122165e-05
873,24.0,0.0024023822830940844,0.0,0.0002842437833840699
874,11.0,0.0008427555637808837,0.0,0.0003095875881834741
875,15.0,0.0010201221112993153,0.0,0.00025879334007628674
876,21.0,0.0011773894676707641,0.0,0.000258731590032399
877,18.0,0.0010874720329638876,0.0,0.00024937593007324686
878,16.0,0.0008424029465459171,0.0,2.5873159003239924e-05
879,12.0,0.0007697637639694221,0.0,0.00032082235960391176
880,45.0,0.0038329510373387166,0.0,2.587315900323987e-06
881,13.0,0.0008699071029241168,0.0,0.000255133795562946
882,7.0,0.0008353505986633536,0.0,2.4937593007324664e-05
883,12.0,0.0009090476332858088,0.0,2.4937593007324827e-06
884,13.0,0.000742612224826189,0.0,0.0002163695530528021
885,22.0,0.0011587007459183951,0.0,0.0002763153880907613
886,14.0,0.0007306232336077301,0.0,2.16369553052802e-05
887,16.0,0.0011216759198759974,0.0,0.0002649343427922658
888,13.0,0.0007401439031582413,0.0,1.0721474578264647e-05
889,14.0,0.0007739951726080108,0.0,2.163695530528042e-06
890,18.0,0.0010874720330775745,0.0,2.1636955305280418e-07
891,14.0,0.0007627114160868587,0.0,1.0721474578264593e-06
892,6.0,0.0003744796689488794,0.0,2.163695530529126e-08
893,15.0,0.0008036150334191916,0.0,0.00010880128233319394
894,10.0,0.0005539619209002922,0.0,0.000237875965458544
895,16.0,0.004474362071050564,0.0,0.000280289682680809
896,25.0,0.001561742423632495,0.0,6.86217309767939e-05
897,14.0,0.0008748437463736991,0.0,0.00023315690411613855
898,10.0,0.000567713999089392,0.0,0.0002707892985220437
899,10.0,0.0005493778946856764,0.0,0.00021903498694683115
900,29.0,0.002582569769742804,0.0,2.1903498694683134e-05
901,7.0,0.000843108181243224,0.0,0.0002850669831014676
902,9.0,0.0005980390947115666,0.0,2.190349869468308e-06
903,10.0,0.0007983257726209558,0.0,2.190349869468579e-07
904,16.0,0.002695407334840638,0.0,2.1903498694702053e-08
905,15.0,0.0015278911540690387,0.0,0.00025663742653188733
906,8.0,0.0007006507554478958,0.0,0.0003225987884387895
907,15.0,0.0012856430066676694,0.0,0.0002781902602666754
908,19.0,0.001869577405614109,0.0,2.7819026026667528e-05
909,7.0,0.00041503066881887207,0.0,2.5663742653188716e-05
910,20.0,0.0010610257286316482,0.0,0.00030476866809915084
911,26.0,0.0012902270327685983,0.0,1.3566802579103611e-05
912,15.0,0.0007933891291713735,0.0,2.3315690411613882e-05
913,35.0,0.0017874175537144765,0.0,2.850669831014677e-05
914,21.0,0.0022352416399371577,0.0,0.0002762792017401118
915,20.0,0.0010215325809213027,0.0,0.0003088621177450235
916,14.0,0.000738028198838947,0.0,4.7165703472100884e-05
917,15.0,0.00081419355512935,0.0,0.00028179509053953154
918,10.0,0.0005444412512360941,0.0,2.7819026026667474e-06
919,19.0,0.0010021386244716268,0.0,0.00027283928797233227
920,14.0,0.0007281549119397823,0.0,3.088621177450233e-05
921,20.0,0.001075835659094082,0.0,2.7823518384543144e-06
922,10.0,0.0005377415208158709,0.0,0.00022047839951378978
923,13.0,0.000675614920623957,0.0,2.7627920174011164e-05
924,13.0,0.0006830198858551739,0.0,2.762792017401111e-06
925,8.0,0.00044606099925204035,0.0,0.00025247753443356525
926,10.0,0.000642116268522841,0.0,4.716570347210094e-06
927,9.0,0.0004933117295422562,0.0,0.0001676372642191265
928,12.0,0.0007270970597801352,0.0,-1.6633785029071318e-05
929,11.0,0.0008734332768653985,0.0,0.0002583800339997322
930,12.0,0.0007627114162005455,0.0,4.7165703472099854e-07
931,10.0,0.0005691244685976926,0.0,0.00027713499326146034
932,16.0,0.0008297087204027775,0.0,1.6763726421912628e-05
933,18.0,0.0011435381982209947,0.0,1.67637264219129e-06
934,31.0,0.0015472851105187146,0.0,0.000247937686540861
935,11.0,0.0006569261989852748,0.0,0.00027580100549294805
936,10.0,0.0005948655381189383,0.0,0.00027645988397451056
937,15.0,0.0011005188764556806,0.0,0.00027644874414501806
938,10.0,0.0007172237727672837,0.0,0.00023948125236998975
939,7.0,0.0004005733558187785,0.0,-4.4786968727467385e-05
940,7.0,0.00039845765161317104,0.0,0.00028228329218415185
941,11.0,0.0005821713120894856,0.0,0.0002700362541182107
942,5.0,0.0003004300169777707,0.0,0.0002258981014172284
943,14.0,0.00075848000744827,0.0,2.25898101417228e-05
944,7.0,0.00042807751231066504,0.0,0.00022645193865650394
945,33.0,0.00314464189057162,0.0,5.1380650770907065e-05
946,8.0,0.0006851355902881551,0.0,2.2645193865650378e-05
947,20.0,0.001121323302527344,0.0,0.0002148060383539495
948,19.0,0.0010257639896735782,0.0,2.1480603835394952e-05
949,11.0,0.0006798463293762325,0.0,0.000282111850371425
950,12.0,0.000727802294477442,0.0,4.035543755819275e-05
951,12.0,0.0006400005642035467,0.0,0.00025545769466231005
952,17.0,0.0009961441288623973,0.0,0.00034040179976816516
953,6.0,0.00035402786033955636,0.0,0.00026653576045464834
954,16.0,0.0010183590244423613,0.0,0.00033639691587947934
955,20.0,0.0010666676068922243,0.0,0.0002201789835781768
956,27.0,0.004154538097736804,0.0,2.2017898357817704e-05
957,5.0,0.0004287827472353456,0.0,2.6653576045464818e-05
958,18.0,0.0013032738762603913,0.0,0.0002836643892121641
959,15.0,0.0009457198419795532,0.0,3.36396915879479e-05
960,34.0,0.0017750759450336773,0.0,2.665357604546509e-06
961,5.0,0.0003064245125870002,0.0,0.0002590769993577305
962,26.0,0.0014256321107950498,0.0,0.00025963019061238233
963,15.0,0.0009309099115171193,0.0,0.0002762478927339269
964,19.0,0.0010299953983121668,0.0,2.66535760454678e-07
965,26.0,0.0013491141369286197,0.0,2.76247892733927e-05
966,14.0,0.0009069319289665145,0.0,0.00025121373281933686
967,22.0,0.0020504701270738224,0.0,0.00024559952038125083
968,14.0,0.0009503038679667952,0.0,2.7624789273392593e-06
969,24.0,0.001262017641465718,0.0,2.7624789273390966e-07
970,16.0,0.0008187775812302789,0.0,2.7644874414501806e-05
971,44.0,0.0021259302487806053,0.0,0.00030748926939272686
972,17.0,0.0009016426681682788,0.0,0.00028233983834949117
973,9.0,0.0004911960253366487,0.0,0.00021418011749217247
974,18.0,0.001163284772019324,0.0,2.1418011749217204e-05
975,18.0,0.000947482928950194,0.0,2.201789835781754e-06
976,4.0,0.0002842096170070363,0.0,0.0002802362381046904
977,8.0,0.0004890803210173544,0.0,0.0002792901593027117
978,7.0,0.00042737227761335816,0.0,3.074892693927261e-05
979,25.0,0.002300475857168749,0.0,0.00022318546418610168
980,34.0,0.0018766297534966725,0.0,0.00025547475997666173
981,27.0,0.0013850811108113703,0.0,0.00028488377196150296
982,36.0,0.0018685195534544619,0.0,0.0002838767075898127
983,34.0,0.0018498308318157797,0.0,0.0002849200541138825
984,21.0,0.001075835659207769,0.0,2.5547475997666146e-05
985,23.0,0.0011565850417127876,0.0,1.9464811830578093e-05
986,12.0,0.0006544578772036402,0.0,0.0002842809415862383
987,26.0,0.0013505246065506071,0.0,-1.496358304775363e-05
988,10.0,0.0007831632248098686,0.0,0.0002843155280419385
989,6.0,0.00039739979933983705,0.0,2.8428094158623816e-05
990,20.0,0.0013748552065635522,0.0,0.00032176769489567424
991,5.0,0.00031418209516687057,0.0,2.842809415862376e-06
992,10.0,0.0005373889034672175,0.0,2.842809415862647e-07
993,27.0,0.001341003937000096,0.0,0.0003307842332906901
994,41.0,0.0019954618140900493,0.0,0.00031098461573100616
995,11.0,0.0005793503729591976,0.0,0.00020904146000747924
996,9.0,0.0004852015296137324,0.0,0.00025314274338897455
997,22.0,0.0013879020499416583,0.0,0.000285160418309911
998,57.0,0.002776156717345657,0.0,0.00027404720268237417
999,30.0,0.0015046184062157408,0.0,2.5314274338897487e-05
1000,0.0,0.0,0.0,0.0
1001,0.0,0.0,0.0,0.0
1002,0.0,0.0,0.0,0.0
1003,0.0,0.0,0.0,0.0
1004,0.0,0.0,0.0,0.0
1005,0.0,0.0,0.0,0.0
1006,0.0,0.0,0.0,0.0
1007,0.0,0.0,0.0,0.0
1008,0.0,0.0,0.0,0.0
1009,0.0,0.0,0.0,0.0
1010,0.0,0.0,0.0,0.0
1011,0.0,0.0,0.0,0.0
1012,0.0,0.0,0.0,0.0
1013,0.0,0.0,0.0,0.0
1014,0.0,0.0,0.0,0.0
1015,0.0,0.0,0.0,0.0
1016,0.0,0.0,0.0,0.0
1017,0.0,0.0,0.0,0.0
1018,0.0,0.0,0.0,0.0
1019,0.0,0.0,0.0,0.0
1020,0.0,0.0,0.0,0.0
1021,0.0,0.0,0.0,0.0
1022,0.0,0.0,0.0,0.0
1023,0.0,0.0,0.0,0.0
1024,0.0,0.0,0.0,0.0
1025,0.0,0.0,0.0,0.0
1026,0.0,0.0,0.0,0.0
1027,0.0,0.0,0.0,0.0
1028,0.0,0.0,0.0,0.0
1029,0.0,0.0,0.0,0.0
1030,0.0,0.0,0.0,0.0
1031,0.0,0.0,0.0,0.0
1032,0.0,0.0,0.0,0.0
1033,0.0,0.0,0.0,0.0
1034,0.0,0.0,0.0,0.0
1035,0.0,0.0,0.0,0.0
1036,0.0,0.0,0.0,0.0
1037,0.0,0.0,0.0,0.0
1038,0.0,0.0,0.0,0.0
1039,0.0,0.0,0.0,0.0
1040,0.0,0.0,0.0,0.0
1041,0.0,0.0,0.0,0.0
1042,0.0,0.0,0.0,0.0
1043,0.0,0.0,0.0,0.0
1044,0.0,0.0,0.0,0.0
1045,0.0,0.0,0.0,0.0
1046,0.0,0.0,0.0,0.0
1047,0.0,0.0,0.0,0.0
1048,0.0,0.0,0.0,0.0
1049,0.0,0.0,0.0,0.0
1050,0.0,0.0,0.0,0.0
1051,0.0,0.0,0.0,0.0
1052,0.0,0.0,0.0,0.0
1053,0.0,0.0,0.0,0.0
1054,0.0,0.0,0.0,0.0
1055,0.0,0.0,0.0,0.0
1056,0.0,0.0,0.0,0.0
1057,0.0,0.0,0.0,0.0
1058,0.0,0.0,0.0,0.0
1059,0.0,0.0,0.0,0.0
1060,0.0,0.0,0.0,0.0
1061,0.0,0.0,0.0,0.0
1062,0.0,0.0,0.0,0.0
1063,0.0,0.0,0.0,0.0
1064,0.0,0.0,0.0,0.0
1065,0.0,0.0,0.0,0.0
1066,0.0,0.0,0.0,0.0
1067,0.0,0.0,0.0,0.0
1068,0.0,0.0,0.0,0.0
1069,0.0,0.0,0.0,0.0
1070,0.0,0.0,0.0,0.0
1071,0.0,0.0,0.0,0.0
1072,0.0,0.0,0.0,0.0
1073,0.0,0.0,0.0,0.0
1074,0.0,0.0,0.0,0.0
1075,0.0,0.0,0.0,0.0
1076,0.0,0.0,0.0,0.0
1077,0.0,0.0,0.0,0.0
1078,0.0,0.0,0.0,0.0
1079,0.0,0.0,0.0,0.0
1080,0.0,0.0,0.0,0.0
1081,0.0,0.0,0.0,0.0
1082,0.0,0.0,0.0,0.0
1083,0.0,0.0,0.0,0.0
1084,0.0,0.0,0.0,0.0
1085,0.0,0.0,0.0,0.0
1086,0.0,0.0,0.0,0.0
1087,0.0,0.0,0.0,0.0
1088,0.0,0.0,0.0,0.0
1089,0.0,0.0,0.0,0.0
1090,0.0,0.0,0.0,0.0
1091,0.0,0.0,0.0,0.0
1092,0.0,0.0,0.0,0.0
1093,0.0,0.0,0.0,0.0
1094,0.0,0.0,0.0,0.0
1095,0.0,0.0,0.0,0.0
1096,0.0,0.0,0.0,0.0
1097,0.0,0.0,0.0,0.0
1098,0.0,0.0,0.0,0.0
1099,0.0,0.0,0.0,0.0
1100,0.0,0.0,0.0,0.0
1101,0.0,0.0,0.0,0.0
1102,0.0,0.0,0.0,0.0
1103,0.0,0.0,0.0,0.0
1104,0.0,0.0,0.0,0.0
1105,0.0,0.0,0.0,0.0
1106,0.0,0.0,0.0,0.0
1107,0.0,0.0,0.0,0.0
1108,0.0,0.0,0.0,0.0
1109,0.0,0.0,0.0,0.0
1110,0.0,0.0,0.0,0.0
1111,0.0,0.0,0.0,0.0
1112,0.0,0.0,0.0,0.0
1113,0.0,0.0,0.0,0.0
1114,0.0,0.0,0.0,0.0
1115,0.0,0.0,0.0,0.0
1116,0.0,0.0,0.0,0.0
1117,0.0,0.0,0.0,0.0
1118,0.0,0.0,0.0,0.0
1119,0.0,0.0,0.0,0.0
1120,0.0,0.0,0.0,0.0
1121,0.0,0.0,0.0,0.0
1122,0.0,0.0,0.0,0.0
1123,0.0,0.0,0.0,0.0
1124,0.0,0.0,0.0,0.0
1125,0.0,0.0,0.0,0.0
1126,0.0,0.0,0.0,0.0
1127,0.0,0.0,0.0,0.0
1128,0.0,0.0,0.0,0.0
1129,0.0,0.0,0.0,0.0
1130,0.0,0.0,0.0,0.0
1131,0.0,0.0,0.0,0.0
1132,0.0,0.0,0.0,0.0
1133,0.0,0.0,0.0,0.0
1134,0.0,0.0,0.0,0.0
1135,0.0,0.0,0.0,0.0
1136,0.0,0.0,0.0,0.0
1137,0.0,0.0,0.0,0.0
1138,0.0,0.0,0.0,0.0
1139,0.0,0.0,0.0,0.0
1140,0.0,0.0,0.0,0.0
1141,0.0,0.0,0.0,0.0
1142,0.0,0.0,0.0,0.0
1143,0.0,0.0,0.0,0.0
1144,0.0,0.0,0.0,0.0
1145,0.0,0.0,0.0,0.0
1146,0.0,0.0,0.0,0.0
1147,0.0,0.0,0.0,0.0
1148,0.0,0.0,0.0,0.0
1149,0.0,0.0,0.0,0.0
1150,0.0,0.0,0.0,0.0
1151,0.0,0.0,0.0,0.0
1152,0.0,0.0,0.0,0.0
1153,0.0,0.0,0.0,0.0
1154,0.0,0.0,0.0,0.0
1155,0.0,0.0,0.0,0.0
1156,0.0,0.0,0.0,0.0
1157,0.0,0.0,0.0,0.0
1158,0.0,0.0,0.0,0.0
1159,0.0,0.0,0.0,0.0
1160,0.0,0.0,0.0,0.0
1161,0.0,0.0,0.0,0.0
1162,0.0,0.0,0.0,0.0
1163,0.0,0.0,0.0,0.0
1164,0.0,0.0,0.0,0.0
1165,0.0,0.0,0.0,0.0
1166,0.0,0.0,0.0,0.0
1167,0.0,0.0,0.0,0.0
1168,0.0,0.0,0.0,0.0
1169,0.0,0.0,0.0,0.0
1170,0.0,0.0,0.0,0.0
1171,0.0,0.0,0.0,0.0
1172,0.0,0.0,0.0,0.0
1173,0.0,0.0,0.0,0.0
1174,0.0,0.0,0.0,0.0
1175,0.0,0.0,0.0,0.0
1176,0.0,0.0,0.0,0.0
1177,0.0,0.0,0.0,0.0
1178,0.0,0.0,0.0,0.0
1179,0.0,0.0,0.0,0.0
1180,0.0,0.0,0.0,0.0
1181,0.0,0.0,0.0,0.0
1182,0.0,0.0,0.0,0.0
1183,0.0,0.0,0.0,0.0
1184,0.0,0.0,0.0,0.0
1185,0.0,0.0,0.0,0.0
1186,0.0,0.0,0.0,0.0
1187,0.0,0.0,0.0,0.0
1188,0.0,0.0,0.0,0.0
1189,0.0,0.0,0.0,0.0
1190,0.0,0.0,0.0,0.0
1191,0.0,0.0,0.0,0.0
1192,0.0,0.0,0.0,0.0
1193,0.0,0.0,0.0,0.0
1194,0.0,0.0,0.0,0.0
1195,0.0,0.0,0.0,0.0
1196,0.0,0.0,0.0,0.0
1197,0.0,0.0,0.0,0.0
1198,0.0,0.0,0.0,0.0
1199,0.0,0.0,0.0,0.0
1200,0.0,0.0,0.0,0.0
1201,0.0,0.0,0.0,0.0
1202,0.0,0.0,0.0,0.0
1203,0.0,0.0,0.0,0.0
1204,0.0,0.0,0.0,0.0
1205,0.0,0.0,0.0,0.0
1206,0.0,0.0,0.0,0.0
1207,0.0,0.0,0.0,0.0
1208,0.0,0.0,0.0,0.0
1209,0.0,0.0,0.0,0.0
1210,0.0,0.0,0.0,0.0
1211,0.0,0.0,0.0,0.0
1212,0.0,0.0,0.0,0.0
1213,0.0,0.0,0.0,0.0
1214,0.0,0.0,0.0,0.0
1215,0.0,0.0,0.0,0.0
1216,0.0,0.0,0.0,0.0
1217,0.0,0.0,0.0,0.0
1218,0.0,0.0,0.0,0.0
1219,0.0,0.0,0.0,0.0
1220,0.0,0.0,0.0,0.0
1221,0.0,0.0,0.0,0.0
1222,0.0,0.0,0.0,0.0
1223,0.0,0.0,0.0,0.0
1224,0.0,0.0,0.0,0.0
1225,0.0,0.0,0.0,0.0
1226,0.0,0.0,0.0,0.0
1227,0.0,0.0,0.0,0.0
1228,0.0,0.0,0.0,0.0
1229,0.0,0.0,0.0,0.0
1230,0.0,0.0,0.0,0.0
1231,0.0,0.0,0.0,0.0
1232,0.0,0.0,0.0,0.0
1233,0.0,0.0,0.0,0.0
1234,0.0,0.0,0.0,0.0
1235,0.0,0.0,0.0,0.0
1236,0.0,0.0,0.0,0.0
1237,0.0,0.0,0.0,0.0
1238,0.0,0.0,0.0,0.0
1239,0.0,0.0,0.0,0.0
1240,0.0,0.0,0.0,0.0
1241,0.0,0.0,0.0,0.0
1242,0.0,0.0,0.0,0.0
1243,0.0,0.0,0.0,0.0
1244,0.0,0.0,0.0,0.0
1245,0.0,0.0,0.0,0.0
1246,0.0,0.0,0.0,0.0
1247,0.0,0.0,0.0,0.0
1248,0.0,0.0,0.0,0.0
1249,0.0,0.0,0.0,0.0
1250,0.0,0.0,0.0,0.0
1251,0.0,0.0,0.0,0.0
1252,0.0,0.0,0.0,0.0
1253,0.0,0.0,0.0,0.0
1254,0.0,0.0,0.0,0.0
1255,0.0,0.0,0.0,0.0
1256,0.0,0.0,0.0,0.0
1257,0.0,0.0,0.0,0.0
1258,0.0,0.0,0.0,0.0
1259,0.0,0.0,0.0,0.0
1260,0.0,0.0,0.0,0.0
1261,0.0,0.0,0.0,0.0
1262,0.0,0.0,0.0,0.0
1263,0.0,0.0,0.0,0.0
1264,0.0,0.0,0.0,0.0
1265,0.0,0.0,0.0,0.0
1266,0.0,0.0,0.0,0.0
1267,0.0,0.0,0.0,0.0
1268,0.0,0.0,0.0,0.0
1269,0.0,0.0,0.0,0.0
1270,0.0,0.0,0.0,0.0
1271,0.0,0.0,0.0,0.0
1272,0.0,0.0,0.0,0.0
1273,0.0,0.0,0.0,0.0
1274,0.0,0.0,0.0,0.0
1275,0.0,0.0,0.0,0.0
1276,0.0,0.0,0.0,0.0
1277,0.0,0.0,0.0,0.0
1278,0.0,0.0,0.0,0.0
1279,0.0,0.0,0.0,0.0
1280,0.0,0.0,0.0,0.0
1281,0.0,0.0,0.0,0.0
1282,0.0,0.0,0.0,0.0
1283,0.0,0.0,0.0,0.0
1284,0.0,0.0,0.0,0.0
1285,0.0,0.0,0.0,0.0
1286,0.0,0.0,0.0,0.0
1287,0.0,0.0,0.0,0.0
1288,0.0,0.0,0.0,0.0
1289,0.0,0.0,0.0,0.0
1290,0.0,0.0,0.0,0.0
1291,0.0,0.0,0.0,0.0
1292,0.0,0.0,0.0,0.0
1293,0.0,0.0,0.0,0.0
1294,0.0,0.0,0.0,0.0
1295,0.0,0.0,0.0,0.0
1296,0.0,0.0,0.0,0.0
1297,0.0,0.0,0.0,0.0
1298,0.0,0.0,0.0,0.0
1299,0.0,0.0,0.0,0.0
1300,0.0,0.0,0.0,0.0
1301,0.0,0.0,0.0,0.0
1302,0.0,0.0,0.0,0.0
1303,0.0,0.0,0.0,0.0
1304,0.0,0.0,0.0,0.0
1305,0.0,0.0,0.0,0.0
1306,0.0,0.0,0.0,0.0
1307,0.0,0.0,0.0,0.0
1308,0.0,0.0,0.0,0.0
1309,0.0,0.0,0.0,0.0
1310,0.0,0.0,0.0,0.0
1311,0.0,0.0,0.0,0.0
1312,0.0,0.0,0.0,0.0
1313,0.0,0.0,0.0,0.0
1314,0.0,0.0,0.0,0.0
1315,0.0,0.0,0.0,0.0
1316,0.0,0.0,0.0,0.0
1317,0.0,0.0,0.0,0.0
1318,0.0,0.0,0.0,0.0
1319,0.0,0.0,0.0,0.0
1320,0.0,0.0,0.0,0.0
1321,0.0,0.0,0.0,0.0
1322,0.0,0.0,0.0,0.0
1323,0.0,0.0,0.0,0.0
1324,0.0,0.0,0.0,0.0
1325,0.0,0.0,0.0,0.0
1326,0.0,0.0,0.0,0.0
1327,0.0,0.0,0.0,0.0
1328,0.0,0.0,0.0,0.0
1329,0.0,0.0,0.0,0.0
1330,0.0,0.0,0.0,0.0
1331,0.0,0.0,0.0,0.0
1332,0.0,0.0,0.0,0.0
1333,0.0,0.0,0.0,0.0
1334,0.0,0.0,0.0,0.0
1335,0.0,0.0,0.0,0.0
1336,0.0,0.0,0.0,0.0
1337,0.0,0.0,0.0,0.0
1338,0.0,0.0,0.0,0.0
1339,0.0,0.0,0.0,0.0
1340,0.0,0.0,0.0,0.0
1341,0.0,0.0,0.0,0.0
1342,0.0,0.0,0.0,0.0
1343,0.0,0.0,0.0,0.0
1344,0.0,0.0,0.0,0.0
1345,0.0,0.0,0.0,0.0
1346,0.0,0.0,0.0,0.0
1347,0.0,0.0,0.0,0.0
1348,0.0,0.0,0.0,0.0
1349,0.0,0.0,0.0,0.0
1350,0.0,0.0,0.0,0.0
1351,0.0,0.0,0.0,0.0
1352,0.0,0.0,0.0,0.0
1353,0.0,0.0,0.0,0.0
1354,0.0,0.0,0.0,0.0
1355,0.0,0.0,0.0,0.0
1356,0.0,0.0,0.0,0.0
1357,0.0,0.0,0.0,0.0
1358,0.0,0.0,0.0,0.0
1359,0.0,0.0,0.0,0.0
1360,0.0,0.0,0.0,0.0
1361,0.0,0.0,0.0,0.0
1362,0.0,0.0,0.0,0.0
1363,0.0,0.0,0.0,0.0
1364,0.0,0.0,0.0,0.0
1365,0.0,0.0,0.0,0.0
1366,0.0,0.0,0.0,0.0
1367,0.0,0.0,0.0,0.0
1368,0.0,0.0,0.0,0.0
1369,0.0,0.0,0.0,0.0
1370,0.0,0.0,0.0,0.0
1371,0.0,0.0,0.0,0.0
1372,0.0,0.0,0.0,0.0
1373,0.0,0.0,0.0,0.0
1374,0.0,0.0,0.0,0.0
1375,0.0,0.0,0.0,0.0
1376,0.0,0.0,0.0,0.0
1377,0.0,0.0,0.0,0.0
1378,0.0,0.0,0.0,0.0
1379,0.0,0.0,0.0,0.0
1380,0.0,0.0,0.0,0.0
1381,0.0,0.0,0.0,0.0
1382,0.0,0.0,0.0,0.0
1383,0.0,0.0,0.0,0.0
1384,0.0,0.0,0.0,0.0
1385,0.0,0.0,0.0,0.0
1386,0.0,0.0,0.0,0.0
1387,0.0,0.0,0.0,0.0
1388,0.0,0.0,0.0,0.0
1389,0.0,0.0,0.0,0.0
1390,0.0,0.0,0.0,0.0
1391,0.0,0.0,0.0,0.0
1392,0.0,0.0,0.0,0.0
1393,0.0,0.0,0.0,0.0
1394,0.0,0.0,0.0,0.0
1395,0.0,0.0,0.0,0.0
1396,0.0,0.0,0.0,0.0
1397,0.0,0.0,0.0,0.0
1398,0.0,0.0,0.0,0.0
1399,0.0,0.0,0.0,0.0
1400,0.0,0.0,0.0,0.0
1401,0.0,0.0,0.0,0.0
1402,0.0,0.0,0.0,0.0
1403,0.0,0.0,0.0,0.0
1404,0.0,0.0,0.0,0.0
1405,0.0,0.0,0.0,0.0
1406,0.0,0.0,0.0,0.0
1407,0.0,0.0,0.0,0.0
1408,0.0,0.0,0.0,0.0
1409,0.0,0.0,0.0,0.0
1410,0.0,0.0,0.0,0.0
1411,0.0,0.0,0.0,0.0
1412,0.0,0.0,0.0,0.0
1413,0.0,0.0,0.0,0.0
1414,0.0,0.0,0.0,0.0
1415,0.0,0.0,0.0,0.0
1416,0.0,0.0,0.0,0.0
1417,0.0,0.0,0.0,0.0
1418,0.0,0.0,0.0,0.0
1419,0.0,0.0,0.0,0.0
1420,0.0,0.0,0.0,0.0
1421,0.0,0.0,0.0,0.0
1422,0.0,0.0,0.0,0.0
1423,0.0,0.0,0.0,0.0
1424,0.0,0.0,0.0,0.0
1425,0.0,0.0,0.0,0.0
1426,0.0,0.0,0.0,0.0
1427,0.0,0.0,0.0,0.0
1428,0.0,0.0,0.0,0.0
1429,0.0,0.0,0.0,0.0
1430,0.0,0.0,0.0,0.0
1431,0.0,0.0,0.0,0.0
1432,0.0,0.0,0.0,0.0
1433,0.0,0.0,0.0,0.0
1434,0.0,0.0,0.0,0.0
1435,0.0,0.0,0.0,0.0
1436,0.0,0.0,0.0,0.0
1437,0.0,0.0,0.0,0.0
1438,0.0,0.0,0.0,0.0
1439,0.0,0.0,0.0,0.0
1440,0.0,0.0,0.0,0.0
1441,0.0,0.0,0.0,0.0
1442,0.0,0.0,0.0,0.0
1443,0.0,0.0,0.0,0.0
1444,0.0,0.0,0.0,0.0
1445,0.0,0.0,0.0,0.0
1446,0.0,0.0,0.0,0.0
1447,0.0,0.0,0.0,0.0
1448,0.0,0.0,0.0,0.0
1449,0.0,0.0,0.0,0.0
1450,0.0,0.0,0.0,0.0
1451,0.0,0.0,0.0,0.0
1452,0.0,0.0,0.0,0.0
1453,0.0,0.0,0.0,0.0
1454,0.0,0.0,0.0,0.0
1455,0.0,0.0,0.0,0.0
1456,0.0,0.0,0.0,0.0
1457,0.0,0.0,0.0,0.0
1458,0.0,0.0,0.0,0.0
1459,0.0,0.0,0.0,0.0
1460,0.0,0.0,0.0,0.0
1461,0.0,0.0,0.0,0.0
1462,0.0,0.0,0.0,0.0
1463,0.0,0.0,0.0,0.0
1464,0.0,0.0,0.0,0.0
1465,0.0,0.0,0.0,0.0
1466,0.0,0.0,0.0,0.0
1467,0.0,0.0,0.0,0.0
1468,0.0,0.0,0.0,0.0
1469,0.0,0.0,0.0,0.0
1470,0.0,0.0,0.0,0.0
1471,0.0,0.0,0.0,0.0
1472,0.0,0.0,0.0,0.0
1473,0.0,0.0,0.0,0.0
1474,0.0,0.0,0.0,0.0
1475,0.0,0.0,0.0,0.0
1476,0.0,0.0,0.0,0.0
1477,0.0,0.0,0.0,0.0
1478,0.0,0.0,0.0,0.0
1479,0.0,0.0,0.0,0.0
1480,0.0,0.0,0.0,0.0
1481,0.0,0.0,0.0,0.0
1482,0.0,0.0,0.0,0.0
1483,0.0,0.0,0.0,0.0
1484,0.0,0.0,0.0,0.0
1485,0.0,0.0,0.0,0.0
1486,0.0,0.0,0.0,0.0
1487,0.0,0.0,0.0,0.0
1488,0.0,0.0,0.0,0.0
1489,0.0,0.0,0.0,0.0
1490,0.0,0.0,0.0,0.0
1491,0.0,0.0,0.0,0.0
1492,0.0,0.0,0.0,0.0
1493,0.0,0.0,0.0,0.0
1494,0.0,0.0,0.0,0.0
1495,0.0,0.0,0.0,0.0
1496,0.0,0.0,0.0,0.0
1497,0.0,0.0,0.0,0.0
1498,0.0,0.0,0.0,0.0
1499,0.0,0.0,0.0,0.0
1500,0.0,0.0,0.0,0.0
1501,0.0,0.0,0.0,0.0
1502,0.0,0.0,0.0,0.0
1503,0.0,0.0,0.0,0.0
1504,0.0,0.0,0.0,0.0
1505,0.0,0.0,0.0,0.0
1506,0.0,0.0,0.0,0.0
1507,0.0,0.0,0.0,0.0
1508,0.0,0.0,0.0,0.0
1509,0.0,0.0,0.0,0.0
1510,0.0,0.0,0.0,0.0
1511,0.0,0.0,0.0,0.0
1512,0.0,0.0,0.0,0.0
1513,0.0,0.0,0.0,0.0
1514,0.0,0.0,0.0,0.0
1515,0.0,0.0,0.0,0.0
1516,0.0,0.0,0.0,0.0
1517,0.0,0.0,0.0,0.0
1518,0.0,0.0,0.0,0.0
1519,0.0,0.0,0.0,0.0
1520,0.0,0.0,0.0,0.0
1521,0.0,0.0,0.0,0.0
1522,0.0,0.0,0.0,0.0
1523,0.0,0.0,0.0,0.0
1524,0.0,0.0,0.0,0.0
1525,0.0,0.0,0.0,0.0
1526,0.0,0.0,0.0,0.0
1527,0.0,0.0,0.0,0.0
1528,0.0,0.0,0.0,0.0
1529,0.0,0.0,0.0,0.0
1530,0.0,0.0,0.0,0.0
1531,0.0,0.0,0.0,0.0
1532,0.0,0.0,0.0,0.0
1533,0.0,0.0,0.0,0.0
1534,0.0,0.0,0.0,0.0
1535,0.0,0.0,0.0,0.0
1536,0.0,0.0,0.0,0.0
1537,0.0,0.0,0.0,0.0
1538,0.0,0.0,0.0,0.0
1539,0.0,0.0,0.0,0.0
1540,0.0,0.0,0.0,0.0
1541,0.0,0.0,0.0,0.0
1542,0.0,0.0,0.0,0.0
1543,0.0,0.0,0.0,0.0
1544,0.0,0.0,0.0,0.0
1545,0.0,0.0,0.0,0.0
1546,0.0,0.0,0.0,0.0
1547,0.0,0.0,0.0,0.0
1548,0.0,0.0,0.0,0.0
1549,0.0,0.0,0.0,0.0
1550,0.0,0.0,0.0,0.0
1551,0.0,0.0,0.0,0.0
1552,0.0,0.0,0.0,0.0
1553,0.0,0.0,0.0,0.0
1554,0.0,0.0,0.0,0.0
1555,0.0,0.0,0.0,0.0
1556,0.0,0.0,0.0,0.0
1557,0.0,0.0,0.0,0.0
1558,0.0,0.0,0.0,0.0
1559,0.0,0.0,0.0,0.0
1560,0.0,0.0,0.0,0.0
1561,0.0,0.0,0.0,0.0
1562,0.0,0.0,0.0,0.0
1563,0.0,0.0,0.0,0.0
1564,0.0,0.0,0.0,0.0
1565,0.0,0.0,0.0,0.0
1566,0.0,0.0,0.0,0.0
1567,0.0,0.0,0.0,0.0
1568,0.0,0.0,0.0,0.0
1569,0.0,0.0,0.0,0.0
1570,0.0,0.0,0.0,0.0
1571,0.0,0.0,0.0,0.0
1572,0.0,0.0,0.0,0.0
1573,0.0,0.0,0.0,0.0
1574,0.0,0.0,0.0,0.0
1575,0.0,0.0,0.0,0.0
1576,0.0,0.0,0.0,0.0
1577,0.0,0.0,0.0,0.0
1578,0.0,0.0,0.0,0.0
1579,0.0,0.0,0.0,0.0
1580,0.0,0.0,0.0,0.0
1581,0.0,0.0,0.0,0.0
1582,0.0,0.0,0.0,0.0
1583,0.0,0.0,0.0,0.0
1584,0.0,0.0,0.0,0.0
1585,0.0,0.0,0.0,0.0
1586,0.0,0.0,0.0,0.0
1587,0.0,0.0,0.0,0.0
1588,0.0,0.0,0.0,0.0
1589,0.0,0.0,0.0,0.0
1590,0.0,0.0,0.0,0.0
1591,0.0,0.0,0.0,0.0
1592,0.0,0.0,0.0,0.0
1593,0.0,0.0,0.0,0.0
1594,0.0,0.0,0.0,0.0
1595,0.0,0.0,0.0,0.0
1596,0.0,0.0,0.0,0.0
1597,0.0,0.0,0.0,0.0
1598,0.0,0.0,0.0,0.0
1599,0.0,0.0,0.0,0.0
1600,0.0,0.0,0.0,0.0
1601,0.0,0.0,0.0,0.0
1602,0.0,0.0,0.0,0.0
1603,0.0,0.0,0.0,0.0
1604,0.0,0.0,0.0,0.0
1605,0.0,0.0,0.0,0.0
1606,0.0,0.0,0.0,0.0
1607,0.0,0.0,0.0,0.0
1608,0.0,0.0,0.0,0.0
1609,0.0,0.0,0.0,0.0
1610,0.0,0.0,0.0,0.0
1611,0.0,0.0,0.0,0.0
1612,0.0,0.0,0.0,0.0
1613,0.0,0.0,0.0,0.0
1614,0.0,0.0,0.0,0.0
1615,0.0,0.0,0.0,0.0
1616,0.0,0.0,0.0,0.0
1617,0.0,0.0,0.0,0.0
1618,0.0,0.0,0.0,0.0
1619,0.0,0.0,0.0,0.0
1620,0.0,0.0,0.0,0.0
1621,0.0,0.0,0.0,0.0
1622,0.0,0.0,0.0,0.0
1623,0.0,0.0,0.0,0.0
1624,0.0,0.0,0.0,0.0
1625,0.0,0.0,0.0,0.0
1626,0.0,0.0,0.0,0.0
1627,0.0,0.0,0.0,0.0
1628,0.0,0.0,0.0,0.0
1629,0.0,0.0,0.0,0.0
1630,0.0,0.0,0.0,0.0
1631,0.0,0.0,0.0,0.0
1632,0.0,0.0,0.0,0.0
1633,0.0,0.0,0.0,0.0
1634,0.0,0.0,0.0,0.0
1635,0.0,0.0,0.0,0.0
1636,0.0,0.0,0.0,0.0
1637,0.0,0.0,0.0,0.0
1638,0.0,0.0,0.0,0.0
1639,0.0,0.0,0.0,0.0
1640,0.0,0.0,0.0,0.0
1641,0.0,0.0,0.0,0.0
1642,0.0,0.0,0.0,0.0
1643,0.0,0.0,0.0,0.0
1644,0.0,0.0,0.0,0.0
1645,0.0,0.0,0.0,0.0
1646,0.0,0.0,0.0,0.0
1647,0.0,0.0,0.0,0.0
1648,0.0,0.0,0.0,0.0
1649,0.0,0.0,0.0,0.0
1650,0.0,0.0,0.0,0.0
1651,0.0,0.0,0.0,0.0
1652,0.0,0.0,0.0,0.0
1653,0.0,0.0,0.0,0.0
1654,0.0,0.0,0.0,0.0
1655,0.0,0.0,0.0,0.0
1656,0.0,0.0,0.0,0.0
1657,0.0,0.0,0.0,0.0
1658,0.0,0.0,0.0,0.0
1659,0.0,0.0,0.0,0.0
1660,0.0,0.0,0.0,0.0
1661,0.0,0.0,0.0,0.0
1662,0.0,0.0,0.0,0.0
1663,0.0,0.0,0.0,0.0
1664,0.0,0.0,0.0,0.0
1665,0.0,0.0,0.0,0.0
1666,0.0,0.0,0.0,0.0
1667,0.0,0.0,0.0,0.0
1668,0.0,0.0,0.0,0.0
1669,0.0,0.0,0.0,0.0
1670,0.0,0.0,0.0,0.0
1671,0.0,0.0,0.0,0.0
1672,0.0,0.0,0.0,0.0
1673,0.0,0.0,0.0,0.0
1674,0.0,0.0,0.0,0.0
1675,0.0,0.0,0.0,0.0
1676,0.0,0.0,0.0,0.0
1677,0.0,0.0,0.0,0.0
1678,0.0,0.0,0.0,0.0
1679,0.0,0.0,0.0,0.0
1680,0.0,0.0,0.0,0.0
1681,0.0,0.0,0.0,0.0
1682,0.0,0.0,0.0,0.0
1683,0.0,0.0,0.0,0.0
1684,0.0,0.0,0.0,0.0
1685,0.0,0.0,0.0,0.0
1686,0.0,0.0,0.0,0.0
1687,0.0,0.0,0.0,0.0
1688,0.0,0.0,0.0,0.0
1689,0.0,0.0,0.0,0.0
1690,0.0,0.0,0.0,0.0
1691,0.0,0.0,0.0,0.0
1692,0.0,0.0,0.0,0.0
1693,0.0,0.0,0.0,0.0
1694,0.0,0.0,0.0,0.0
1695,0.0,0.0,0.0,0.0
1696,0.0,0.0,0.0,0.0
1697,0.0,0.0,0.0,0.0
1698,0.0,0.0,0.0,0.0
1699,0.0,0.0,0.0,0.0
1700,0.0,0.0,0.0,0.0
1701,0.0,0.0,0.0,0.0
1702,0.0,0.0,0.0,0.0
1703,0.0,0.0,0.0,0.0
1704,0.0,0.0,0.0,0.0
1705,0.0,0.0,0.0,0.0
1706,0.0,0.0,0.0,0.0
1707,0.0,0.0,0.0,0.0
1708,0.0,0.0,0.0,0.0
1709,0.0,0.0,0.0,0.0
1710,0.0,0.0,0.0,0.0
1711,0.0,0.0,0.0,0.0
1712,0.0,0.0,0.0,0.0
1713,0.0,0.0,0.0,0.0
1714,0.0,0.0,0.0,0.0
1715,0.0,0.0,0.0,0.0
1716,0.0,0.0,0.0,0.0
1717,0.0,0.0,0.0,0.0
1718,0.0,0.0,0.0,0.0
1719,0.0,0.0,0.0,0.0
1720,0.0,0.0,0.0,0.0
1721,0.0,0.0,0.0,0.0
1722,0.0,0.0,0.0,0.0
1723,0.0,0.0,0.0,0.0
1724,0.0,0.0,0.0,0.0
1725,0.0,0.0,0.0,0.0
1726,0.0,0.0,0.0,0.0
1727,0.0,0.0,0.0,0.0
1728,0.0,0.0,0.0,0.0
1729,0.0,0.0,0.0,0.0
1730,0.0,0.0,0.0,0.0
1731,0.0,0.0,0.0,0.0
1732,0.0,0.0,0.0,0.0
1733,0.0,0.0,0.0,0.0
1734,0.0,0.0,0.0,0.0
1735,0.0,0.0,0.0,0.0
1736,0.0,0.0,0.0,0.0
1737,0.0,0.0,0.0,0.0
1738,0.0,0.0,0.0,0.0
1739,0.0,0.0,0.0,0.0
1740,0.0,0.0,0.0,0.0
1741,0.0,0.0,0.0,0.0
1742,0.0,0.0,0.0,0.0
1743,0.0,0.0,0.0,0.0
1744,0.0,0.0,0.0,0.0
1745,0.0,0.0,0.0,0.0
1746,0.0,0.0,0.0,0.0
1747,0.0,0.0,0.0,0.0
1748,0.0,0.0,0.0,0.0
1749,0.0,0.0,0.0,0.0
1750,0.0,0.0,0.0,0.0
1751,0.0,0.0,0.0,0.0
1752,0.0,0.0,0.0,0.0
1753,0.0,0.0,0.0,0.0
1754,0.0,0.0,0.0,0.0
1755,0.0,0.0,0.0,0.0
1756,0.0,0.0,0.0,0.0
1757,0.0,0.0,0.0,0.0
1758,0.0,0.0,0.0,0.0
1759,0.0,0.0,0.0,0.0
1760,0.0,0.0,0.0,0.0
1761,0.0,0.0,0.0,0.0
1762,0.0,0.0,0.0,0.0
1763,0.0,0.0,0.0,0.0
1764,0.0,0.0,0.0,0.0
1765,0.0,0.0,0.0,0.0
1766,0.0,0.0,0.0,0.0
1767,0.0,0.0,0.0,0.0
1768,0.0,0.0,0.0,0.0
1769,0.0,0.0,0.0,0.0
1770,0.0,0.0,0.0,0.0
1771,0.0,0.0,0.0,0.0
1772,0.0,0.0,0.0,0.0
1773,0.0,0.0,0.0,0.0
1774,0.0,0.0,0.0,0.0
1775,0.0,0.0,0.0,0.0
1776,0.0,0.0,0.0,0.0
1777,0.0,0.0,0.0,0.0
1778,0.0,0.0,0.0,0.0
1779,0.0,0.0,0.0,0.0
1780,0.0,0.0,0.0,0.0
1781,0.0,0.0,0.0,0.0
1782,0.0,0.0,0.0,0.0
1783,0.0,0.0,0.0,0.0
1784,0.0,0.0,0.0,0.0
1785,0.0,0.0,0.0,0.0
1786,0.0,0.0,0.0,0.0
1787,0.0,0.0,0.0,0.0
1788,0.0,0.0,0.0,0.0
1789,0.0,0.0,0.0,0.0
1790,0.0,0.0,0.0,0.0
1791,0.0,0.0,0.0,0.0
1792,0.0,0.0,0.0,0.0
1793,0.0,0.0,0.0,0.0
1794,0.0,0.0,0.0,0.0
1795,0.0,0.0,0.0,0.0
1796,0.0,0.0,0.0,0.0
1797,0.0,0.0,0.0,0.0
1798,0.0,0.0,0.0,0.0
1799,0.0,0.0,0.0,0.0
1800,0.0,0.0,0.0,0.0
1801,0.0,0.0,0.0,0.0
1802,0.0,0.0,0.0,0.0
1803,0.0,0.0,0.0,0.0
1804,0.0,0.0,0.0,0.0
1805,0.0,0.0,0.0,0.0
1806,0.0,0.0,0.0,0.0
1807,0.0,0.0,0.0,0.0
1808,0.0,0.0,0.0,0.0
1809,0.0,0.0,0.0,0.0
1810,0.0,0.0,0.0,0.0
1811,0.0,0.0,0.0,0.0
1812,0.0,0.0,0.0,0.0
1813,0.0,0.0,0.0,0.0
1814,0.0,0.0,0.0,0.0
1815,0.0,0.0,0.0,0.0
1816,0.0,0.0,0.0,0.0
1817,0.0,0.0,0.0,0.0
1818,0.0,0.0,0.0,0.0
1819,0.0,0.0,0.0,0.0
1820,0.0,0.0,0.0,0.0
1821,0.0,0.0,0.0,0.0
1822,0.0,0.0,0.0,0.0
1823,0.0,0.0,0.0,0.0
1824,0.0,0.0,0.0,0.0
1825,0.0,0.0,0.0,0.0
1826,0.0,0.0,0.0,0.0
1827,0.0,0.0,0.0,0.0
1828,0.0,0.0,0.0,0.0
1829,0.0,0.0,0.0,0.0
1830,0.0,0.0,0.0,0.0
1831,0.0,0.0,0.0,0.0
1832,0.0,0.0,0.0,0.0
1833,0.0,0.0,0.0,0.0
1834,0.0,0.0,0.0,0.0
1835,0.0,0.0,0.0,0.0
1836,0.0,0.0,0.0,0.0
1837,0.0,0.0,0.0,0.0
1838,0.0,0.0,0.0,0.0
1839,0.0,0.0,0.0,0.0
1840,0.0,0.0,0.0,0.0
1841,0.0,0.0,0.0,0.0
1842,0.0,0.0,0.0,0.0
1843,0.0,0.0,0.0,0.0
1844,0.0,0.0,0.0,0.0
1845,0.0,0.0,0.0,0.0
1846,0.0,0.0,0.0,0.0
1847,0.0,0.0,0.0,0.0
1848,0.0,0.0,0.0,0.0
1849,0.0,0.0,0.0,0.0
1850,0.0,0.0,0.0,0.0
1851,0.0,0.0,0.0,0.0
1852,0.0,0.0,0.0,0.0
1853,0.0,0.0,0.0,0.0
1854,0.0,0.0,0.0,0.0
1855,0.0,0.0,0.0,0.0
1856,0.0,0.0,0.0,0.0
1857,0.0,0.0,0.0,0.0
1858,0.0,0.0,0.0,0.0
1859,0.0,0.0,0.0,0.0
1860,0.0,0.0,0.0,0.0
1861,0.0,0.0,0.0,0.0
1862,0.0,0.0,0.0,0.0
1863,0.0,0.0,0.0,0.0
1864,0.0,0.0,0.0,0.0
1865,0.0,0.0,0.0,0.0
1866,0.0,0.0,0.0,0.0
1867,0.0,0.0,0.0,0.0
1868,0.0,0.0,0.0,0.0
1869,0.0,0.0,0.0,0.0
1870,0.0,0.0,0.0,0.0
1871,0.0,0.0,0.0,0.0
1872,0.0,0.0,0.0,0.0
1873,0.0,0.0,0.0,0.0
1874,0.0,0.0,0.0,0.0
1875,0.0,0.0,0.0,0.0
1876,0.0,0.0,0.0,0.0
1877,0.0,0.0,0.0,0.0
1878,0.0,0.0,0.0,0.0
1879,0.0,0.0,0.0,0.0
1880,0.0,0.0,0.0,0.0
1881,0.0,0.0,0.0,0.0
1882,0.0,0.0,0.0,0.0
1883,0.0,0.0,0.0,0.0
1884,0.0,0.0,0.0,0.0
1885,0.0,0.0,0.0,0.0
1886,0.0,0.0,0.0,0.0
1887,0.0,0.0,0.0,0.0
1888,0.0,0.0,0.0,0.0
1889,0.0,0.0,0.0,0.0
1890,0.0,0.0,0.0,0.0
1891,0.0,0.0,0.0,0.0
1892,0.0,0.0,0.0,0.0
1893,0.0,0.0,0.0,0.0
1894,0.0,0.0,0.0,0.0
1895,0.0,0.0,0.0,0.0
1896,0.0,0.0,0.0,0.0
1897,0.0,0.0,0.0,0.0
1898,0.0,0.0,0.0,0.0
1899,0.0,0.0,0.0,0.0
1900,0.0,0.0,0.0,0.0
1901,0.0,0.0,0.0,0.0
1902,0.0,0.0,0.0,0.0
1903,0.0,0.0,0.0,0.0
1904,0.0,0.0,0.0,0.0
1905,0.0,0.0,0.0,0.0
1906,0.0,0.0,0.0,0.0
1907,0.0,0.0,0.0,0.0
1908,0.0,0.0,0.0,0.0
1909,0.0,0.0,0.0,0.0
1910,0.0,0.0,0.0,0.0
1911,0.0,0.0,0.0,0.0
1912,0.0,0.0,0.0,0.0
1913,0.0,0.0,0.0,0.0
1914,0.0,0.0,0.0,0.0
1915,0.0,0.0,0.0,0.0
1916,0.0,0.0,0.0,0.0
1917,0.0,0.0,0.0,0.0
1918,0.0,0.0,0.0,0.0
1919,0.0,0.0,0.0,0.0
1920,0.0,0.0,0.0,0.0
1921,0.0,0.0,0.0,0.0
1922,0.0,0.0,0.0,0.0
1923,0.0,0.0,0.0,0.0
1924,0.0,0.0,0.0,0.0
1925,0.0,0.0,0.0,0.0
1926,0.0,0.0,0.0,0.0
1927,0.0,0.0,0.0,0.0
1928,0.0,0.0,0.0,0.0
1929,0.0,0.0,0.0,0.0
1930,0.0,0.0,0.0,0.0
1931,0.0,0.0,0.0,0.0
1932,0.0,0.0,0.0,0.0
1933,0.0,0.0,0.0,0.0
1934,0.0,0.0,0.0,0.0
1935,0.0,0.0,0.0,0.0
1936,0.0,0.0,0.0,0.0
1937,0.0,0.0,0.0,0.0
1938,0.0,0.0,0.0,0.0
1939,0.0,0.0,0.0,0.0
1940,0.0,0.0,0.0,0.0
1941,0.0,0.0,0.0,0.0
1942,0.0,0.0,0.0,0.0
1943,0.0,0.0,0.0,0.0
1944,0.0,0.0,0.0,0.0
1945,0.0,0.0,0.0,0.0
1946,0.0,0.0,0.0,0.0
1947,0.0,0.0,0.0,0.0
1948,0.0,0.0,0.0,0.0
1949,0.0,0.0,0.0,0.0
1950,0.0,0.0,0.0,0.0
1951,0.0,0.0,0.0,0.0
1952,0.0,0.0,0.0,0.0
1953,0.0,0.0,0.0,0.0
1954,0.0,0.0,0.0,0.0
1955,0.0,0.0,0.0,0.0
1956,0.0,0.0,0.0,0.0
1957,0.0,0.0,0.0,0.0
1958,0.0,0.0,0.0,0.0
1959,0.0,0.0,0.0,0.0
1960,0.0,0.0,0.0,0.0
1961,0.0,0.0,0.0,0.0
1962,0.0,0.0,0.0,0.0
1963,0.0,0.0,0.0,0.0
1964,0.0,0.0,0.0,0.0
1965,0.0,0.0,0.0,0.0
1966,0.0,0.0,0.0,0.0
1967,0.0,0.0,0.0,0.0
1968,0.0,0.0,0.0,0.0
1969,0.0,0.0,0.0,0.0
1970,0.0,0.0,0.0,0.0
1971,0.0,0.0,0.0,0.0
1972,0.0,0.0,0.0,0.0
1973,0.0,0.0,0.0,0.0
1974,0.0,0.0,0.0,0.0
1975,0.0,0.0,0.0,0.0
1976,0.0,0.0,0.0,0.0
1977,0.0,0.0,0.0,0.0
1978,0.0,0.0,0.0,0.0
1979,0.0,0.0,0.0,0.0
1980,0.0,0.0,0.0,0.0
1981,0.0,0.0,0.0,0.0
1982,0.0,0.0,0.0,0.0
1983,0.0,0.0,0.0,0.0
1984,0.0,0.0,0.0,0.0
1985,0.0,0.0,0.0,0.0
1986,0.0,0.0,0.0,0.0
1987,0.0,0.0,0.0,0.0
1988,0.0,0.0,0.0,0.0
1989,0.0,0.0,0.0,0.0
1990,0.0,0.0,0.0,0.0
1991,0.0,0.0,0.0,0.0
1992,0.0,0.0,0.0,0.0
1993,0.0,0.0,0.0,0.0
1994,0.0,0.0,0.0,0.0
1995,0.0,0.0,0.0,0.0
1996,0.0,0.0,0.0,0.0
1997,0.0,0.0,0.0,0.0
1998,0.0,0.0,0.0,0.0
1999,0.0,0.0,0.0,0.0
